English Word,English Correct Count,English Call Count,English Percent Correct,German Word,German Correct Count,German Call Count,German Percent Correct
he must,20,25,80,er muss,10,12,83.33
much,20,23,86.96,viel,11,13,84.62
often,17,18,94.44,oft,11,11,100
waitress,18,20,90,Kellnerin,14,16,87.5
until,16,18,88.89,bis,10,12,83.33
he needs,15,19,78.95,er braucht,13,17,76.47
the parents,17,20,85,die eltern,10,11,90.91
less,17,19,89.47,wenigar,10,11,90.91
Rent,19,24,79.17,Mieten,10,11,90.91
perhaps,14,18,77.78,vielleicht,12,13,92.31
difficult,16,20,80,schwer,11,12,91.66666666666666
your,15,16,93.75,dein,11,12,91.66666666666666
prefer,18,19,94.73684210526316,lieber,22,36,61.11111111111112
permitted,16,20,80,erlaubt,12,18,66.67
sometimes,18,19,94.74,manchmal,11,11,100
the chair,18,25,72,der stuhl,13,13,100
the desk,18,23,78.26,der Schreibtisch,12,12,100
the closet,21,27,77.78,der Schrank,11,11,100
very,19,19,100,sehr,11,11,100
track,20,27,74.07407407407408,gleis,11,11,100
the train,11,11,100,der zug,11,11,100
the lawyer,12,16,75,der anwalt,12,12,100
rich,12,15,80,reich,9,10,90
to run,10,12,83.33,laufen,11,14,78.57
teacher (female),12,12,100,lehrerin,11,14,78.57142857142857
the lamp,11,11,100,die lampe,11,12,91.66666666666666
later,12,12,100,später,11,11,100
loud,12,12,100,laut,11,11,100
the carpet,9,9,100,der teppich,12,13,92.31
bright,10,11,90.91,hell,10,13,76.92307692307693
is raining,9,11,81.81818181818183,regnet,11,11,100
the bedroom,12,13,92.31,das schlafzimmer,11,11,100
dark,8,9,88.89,dunkel,12,12,100
to study,22,31,70.96774193548387,studieren,11,12,91.67
the theater,12,14,85.71,das kino,11,12,91.67
fast,12,15,80,schnell,11,11,100
Ugly,9,10,90,hässlich,10,10,100
now,12,13,92.3076923076923,jetzt,8,8,100
how,12,14,85.71,wie,12,12,100
really,11,13,84.62,wirklich,9,9,100
the bed,11,12,91.67,das bett,11,11,100
friends,11,12,91.67,freunde,12,19,63.16
cheap,10,10,100,billig,11,11,100
the pet,12,14,85.71,das haustier,11,12,91.67
nearby,11,11,100,in der Nähe,15,20,75
every,9,9,100,jeden,11,13,84.62
teacher (male),9,9,100,lehrer,11,15,73.33
the table,11,12,91.67,der tisch,8,8,100
expensive,8,8,100,teuer,8,10,80
comfortable,7,7,100,bequem,13,16,81.25
the bookcase,24,36,66.67,das Bücherregal,12,16,75
fully furnished,8,8,100,voll möbliert,11,13,84.62
you like,10,12,83.33,du magst,10,13,76.92307692307693
to sleep,16,23,69.57,schlafen,13,16,81.25
the couch,11,12,91.66666666666666,die couch,11,11,100
costs,9,9,100,kostet,12,12,100
you're welcome,11,11,100,gern geschehen,11,13,84.61538461538461
over there,10,10,100,da drüben,11,11,100
I cook,12,13,92.31,ich koche,12,13,92.31
left,10,10,100,links,12,12,100
why,10,10,100,warum,12,14,85.71
city,10,10,100,stadt,13,13,100
far away,10,10,100,weit weg,12,13,92.31
you Need,11,14,78.57,du brauchst,14,18,77.78
The apartment,9,9,100,die wohnung,11,12,91.66666666666666
right,10,10,100,rechts,11,13,84.61538461538461
when,8,10,80,wann,12,13,92.31
clean,12,13,92.31,sauber,11,12,91.67
who,11,12,91.66666666666666,wer,11,11,100
he sees,10,12,83.33,er sieht,12,13,92.31
vacation,11,13,84.61538461538461,urlaub,10,12,83.33
i like,12,15,80,ich mag,13,18,72.22
roommate,9,9,100,mitbewohner,11,11,100
today,11,11,100,heute,13,13,100
windy,10,11,90.9090909090909,windig,9,9,100
smart,11,11,100,klug,11,11,100
the umbrella,26,42,61.9,Der Regenschirm,13,13,100
fall,9,10,90,herbst,8,8,100
bad,11,11,100,schlecht,11,12,91.67
cloudy,10,10,100,bewölkt,11,14,78.57142857142857
beautiful,10,10,100,schön,10,11,90.9090909090909
scarf,9,9,100,Schal,12,13,92.31
is snowing,8,8,100,schneit,13,17,76.47
what is your name,15,21,71.43,Wie heißen Sie,10,12,83.33
doctor,9,9,100,Artz,10,11,90.91
the water bottle,10,15,66.66666666666666,die wasserflasche,21,31,67.74
foggy,10,13,76.92,neblig,11,15,73.33333333333333
to hike,9,9,100,wandern,11,12,91.67
hot,10,11,90.9090909090909,heiß,11,12,91.66666666666666
spring,11,11,100,Frühling,11,11,100
sister,9,9,100,schwester,10,10,100
my husband,9,9,100,mein mann,13,13,100
my wife,11,11,100,meine Frau,11,11,100
delicious,11,11,100,lecker,11,16,68.75
see you soon,11,11,100,bis bald,10,13,76.92
how are you,10,11,90.91,wie geht's,20,33,60.61
no problem,7,9,77.78,kein problem,11,11,100
see you later,11,12,91.66666666666666,bis spater,14,17,82.35
I'm sorry,11,11,100,Es tut mir leid,11,12,91.67
always,10,10,100,immer,11,11,100
the food,12,12,100,das essen,13,13,100
also,11,13,84.62,auch,14,19,73.68
daughter,9,9,100,tochter,12,12,100
grandmother,9,9,100,oma,10,11,90.9090909090909
aunt,8,8,100,tante,11,11,100
girlfriend,11,12,91.67,freundin,12,14,85.71
nice,10,10,100,nett,11,11,100
where,12,14,85.71,wo,11,13,84.61538461538461
the snail,12,13,92.31,die Schnecke,10,10,100
the owl,10,11,90.9090909090909,die Eule,11,12,91.66666666666666
actor,11,12,91.67,Schauspieler,11,12,91.67
egg,9,11,81.81818181818183,ei,8,8,100
exciting,12,15,80,aufregend,13,17,76.47
stressful,11,12,91.66666666666666,stressig,13,14,92.86
college student,11,15,73.33,studentin,11,17,64.71
profession,11,13,84.61538461538461,Beruf,18,25,72
you paint,13,15,86.67,malst,11,11,100
to paint,8,10,80,malen,16,23,69.57
department store,19,25,76,kaufhaus,12,12,100
red,9,10,90,rote,12,12,100
no idea,10,13,76.92,keine ahnung,12,13,92.31
student (male),18,32,56.25,Schüler,15,23,65.22
our,12,16,75,unserer,10,13,76.92
school,18,24,75,schule,14,19,73.68
languages,8,9,88.88888888888889,Sprachen,13,20,65
he speaks,16,20,80,er spricht,11,11,100
shoes,10,10,100,Schuhe,16,24,66.67
question,13,14,92.86,frage,10,12,83.33
TV,12,16,75,Fernseher,11,12,91.67
to order,8,8,100,bestellen,18,26,69.23
he takes,10,10,100,er nimmt,11,13,84.61538461538461
to take,9,9,100,nehmen,11,13,84.62
his,12,15,80,seine,11,12,91.66666666666666
to drive,11,11,100,fahren,18,25,72
he drives,7,8,87.5,er fährt,21,32,65.63
come on,12,13,92.31,los,18,26,69.23
again,11,11,100,wieder,12,13,92.31
The vegetarian,18,24,75,Der Vegetarier,14,18,77.78
The menu,11,14,78.57,die Speisekarte,13,17,76.47
The chicken,13,17,76.47,Das Hähnchen,11,11,100
boy,10,11,90.91,junge,11,12,91.67
The Bear,11,14,78.57,der bär,10,11,90.91
he plays,11,13,84.62,er spielt,14,17,82.35
he eats breakfast,13,15,86.67,er frühstückt,17,26,65.38
to jog,11,12,91.66666666666666,joggen,13,14,92.86
The Artist,16,22,72.73,Der Künstler,11,13,84.61538461538461
like to,22,34,64.71,gern,33,66,50
take photos,12,17,70.59,fotografiert,10,13,76.92
weekend,13,15,86.67,Wochenende,13,14,92.86
chess,11,13,84.62,Schach,18,24,75
what are you doing,12,13,92.31,was machst du,25,41,60.98
saturday,10,11,90.91,samstag,11,11,100
sunday,12,16,75,sonntag,11,13,84.62
i look forward to it,10,10,100,Ich freue mich,14,22,63.64
too bad,18,29,62.07,Schade,14,17,82.35
The Admission ticket,12,16,75,Die Eintrittskarte,10,13,76.92
eight,10,10,100,acht,11,12,91.66666666666666
seven,11,11,100,sieben,11,11,100
her cat,11,14,78.57,ihre katze,10,11,90.91
easy,12,13,92.31,einfach,11,12,91.66666666666666
case,8,10,80,fall,13,19,68.42
only,10,10,100,nur,12,12,100
which,21,29,72.41,welche,16,19,84.21
he searches,10,12,83.33,er sucht,13,17,76.47
the shirt,11,11,100,das Hemd,11,11,100
to search,14,19,73.68,suchen,14,19,73.68
clothes,10,11,90.9090909090909,kleidung,13,14,92.86
dress,11,12,91.67,kleid,11,14,78.57142857142857
the suit jacket,12,14,85.71,das sakko,10,12,83.33
tuesday,12,13,92.31,dienstag,11,11,100
that's good,11,13,84.62,das geht,12,18,66.67
a little,12,12,100,ein bisschen,10,10,100
what is it like in,14,17,82.35,wie ist es in,12,19,63.16
mother language,14,20,70,Muttersprache,11,15,73.33333333333333
many,10,12,83.33,viele,11,14,78.57142857142857
Birthday,11,13,84.62,Geburtstag,13,13,100
to travel,12,15,80,reisen,17,26,65.38
still,14,19,73.68,noch,27,41,65.85
to know,14,18,77.78,kennen,14,19,73.68
student (female),16,22,72.73,Schülerin,12,13,92.31
too late,11,12,91.67,zu spät,13,17,76.47058823529412
in the back,28,40,70,ist hinten,12,13,92.31
the meat,14,17,82.35294117647058,das Fleisch,11,12,91.67
I eat,12,12,100,ich esse,14,17,82.35
the ice cream,13,15,86.66666666666667,das eis,11,13,84.61538461538461
the sugar,12,13,92.31,der zucker,12,12,100
without,11,11,100,ohne,11,11,100
the dessert,24,37,64.86,das nachtisch,11,11,100
fruit,11,12,91.67,obst,11,11,100
The Strawberry,10,11,90.91,Die Erdbeere,10,11,90.91
sweet,13,15,86.67,süß,12,12,100
to pay,15,19,78.94736842105263,zahlen,12,15,80
together,13,13,100,zusammen,10,10,100
separately,13,15,86.67,getrennt,12,14,85.71
cash,11,13,84.61538461538461,bar,11,13,84.62
The Church,11,12,91.67,Die Kirche,11,11,100
where from,10,11,90.91,woher,15,25,60
piano,11,12,91.67,Klavier,11,15,73.33
the game,26,36,72.22,das spiel,13,14,92.86
look,23,36,63.89,sieh mal,12,19,63.16
same,22,34,64.71,gleichen,18,27,66.67
what do i do,9,12,75,was mach ich,13,18,72.22
airport,11,12,91.67,flughafen,11,12,91.66666666666666
counter,12,14,85.71,schalter,14,16,87.5
years,13,13,100,jarhre,14,20,70
he gives,13,13,100,gibt,14,22,63.64
The Bag,10,10,100,Die Tüte,11,14,78.57
favorite color,10,13,76.92,Lieblingsfarbe,11,13,84.61538461538461
funny,12,13,92.3076923076923,lustig,15,20,75
Birthday Present,11,11,100,Geburtstagsgeschenk,15,20,75
class,10,13,76.92,kurs,11,14,78.57
The door,10,11,90.91,die Tür,11,12,91.66666666666666
do not leave,11,14,78.57,geh nicht weg,17,33,51.51515151515152
Fun,11,14,78.57,Spaß,13,17,76.47
do not be scared,11,15,73.33,Hab keine Angst,11,12,91.67
actually,15,20,75,eigentlich,18,29,62.07
us,11,12,91.67,uns,16,19,84.21
spring,9,9,100,Frühling,14,15,93.33
The Bathroom,11,11,100,Das Badezimmer,10,13,76.92
The River,10,10,100,Der Fluss,11,12,91.67
to visit,10,10,100,besuchen,11,17,64.71
city center,9,9,100,Stadtzentrum,12,12,100
to see,11,11,100,sehen,11,13,84.62
to the,13,16,81.25,zur,10,11,90.91
about,11,13,84.62,circa,11,14,78.57
straight ahead,11,12,91.67,geradeaus,11,12,91.66666666666666
then,13,13,100,dann,14,15,93.33
third,13,14,92.86,dritten,12,15,80
may,11,12,91.67,mai,13,13,100
fourth,12,12,100,vierten,11,14,78.57
second,11,13,84.61538461538461,zweiten,13,14,92.86
july,12,12,100,juli,11,11,100
the bus stop,14,21,66.67,Die Bushaltestelle,12,14,85.71
wait,11,11,100,warten sie,11,14,78.57
lasts,10,11,90.91,dauert,19,30,63.33
the taxi ride,12,15,80,die taxirahrt,11,12,91.67
The invitation,11,14,78.57,Die Einladung,12,18,66.67
definitely,12,16,75,auf jeden Fall,13,15,86.67
something,15,23,65.22,etwas,11,14,78.57
to hear,13,17,76.47,hören,11,14,78.57
the livingroom,12,16,75,das Wohnzimmer,11,11,100
to leave,12,18,66.67,verlassen,22,33,66.66666666666666
parrot,10,10,100,Papagei,11,11,100
the dinner,11,11,100,das Abendessen,9,12,75
the bottle,12,15,80,die flasche,12,14,85.71
whole,11,11,100,ganze,15,21,71.43
exercises,14,16,87.5,macht Sport,19,33,57.57575757575758
to want,12,15,80,wollen,12,13,92.31
i want,13,13,100,ich will,11,11,100
you want,13,13,100,du willst,10,10,100
we want,15,17,88.24,wir wollen,12,15,80
he wants,19,19,100,er will,11,11,100
the store,12,14,85.71,der laden,17,24,70.83
to fetch,11,14,78.57,holen,20,30,66.66666666666666
the key,22,25,88,der Schlüssel,11,11,100
floor,10,13,76.92,stock,15,17,88.24
to reside,24,37,64.86486486486487,wohnen,13,17,76.47
you can do it,14,17,82.35,du kannst das,11,11,100
tired,13,17,76.47,müde,11,12,91.66666666666666
to visit,19,19,100,besuchen,16,21,76.19
boring,16,20,80,langweilig,14,18,77.78
outside,14,16,87.5,draußen,16,21,76.19
already,22,28,78.57,schon,22,32,68.75
sad,11,12,91.67,traurig,13,17,76.47
at what time,14,16,87.5,um wie viel Uhr,11,11,100
next,15,16,93.75,nächste,21,27,77.78
week,14,16,87.5,woche,13,16,81.25
repeat,15,18,83.33,Wiederholen Sie,10,12,83.33
The Gift,18,24,75,das geschenk,13,15,86.67
to celebrate,12,14,85.71,feiern,15,20,75
can you (plural),20,27,74.07,könnt ihr,13,16,81.25
are you coming (plural),11,14,78.57,kommt ihr,15,20,75
where are you from,17,18,94.44,woher kommst du,11,12,91.67
to meet,13,15,86.67,treffen,15,18,83.33
headache,16,16,100,Kopfschmerzen,11,12,91.67
to forget,14,16,87.5,vergessen,17,22,77.27
because,17,17,100,denn,15,19,78.95
auto repair shop,13,16,81.25,Werkstat,14,17,82.35
angry,14,18,77.78,verärgert,20,28,71.43
the cell phone,16,16,100,das handy,15,16,93.75
more,15,15,100,mehr,17,17,100
sick,11,11,100,krank,16,16,100
at night,14,15,93.33,nachts,14,16,87.5
months,16,19,84.21,monate,13,16,81.25
history,15,18,83.33,Geschichte,15,18,83.33
goes for a walk,12,17,70.59,geht spazieren,19,26,73.07692307692307
next to,11,13,84.62,neben,15,19,78.95
to clean,14,15,93.33,putzen,12,13,92.31
window,14,18,77.78,fenster,13,14,92.86
hours,16,19,84.21,Stunden,18,26,69.23
done,13,13,100,fertig,14,19,73.68
almost,16,17,94.12,fast,12,15,80
The Appointment,13,16,81.25,Der Termin,15,21,71.43
The painting,14,15,93.33,Das Bild,16,17,94.12
green,14,14,100,grüne,13,15,86.67
hair,12,12,100,Haare,12,18,66.67
head,13,13,100,kopf,16,18,88.89
the eyes,13,17,76.47,Die augen,13,16,81.25
through,20,29,68.97,durch,14,14,100
the forest,15,17,88.24,der wald,14,16,87.5
The witch,16,17,94.12,Die Hexe,14,14,100
stomachache,16,16,100,Bauchschmerzen,14,14,100
to remain,18,18,100,bleiben,22,31,70.97
wednesday,17,20,85,mittwoch,18,18,100
the plan,17,17,100,der plan,16,16,100
the plans,14,15,93.33,Die Pläne,17,19,89.47
unfortunately,15,15,100,leider,14,15,93.33
happy,17,21,80.95,glücklich,18,25,72
feel better,12,14,85.71,gute Besserung,13,17,76.47
friendly,16,18,88.89,freundlich,14,14,100
to live,17,19,89.47,leben,13,17,76.47
popular,20,27,74.07,beliebt,15,19,78.95
homework,15,19,78.95,Hausaufgaben,14,17,82.35
is fun,16,16,100,macht spaß,22,33,66.67
surprising,25,39,64.1,überraschend,22,35,62.85714285714285
them,13,16,81.25,ihnen,15,21,71.43
me too,18,19,94.74,ich auch,12,13,92.31
forehead,13,14,92.86,Stirn,19,24,79.17
earache,11,13,84.62,Ohrenschmerzen,12,14,85.71
to examine,13,13,100,untersuchen,21,34,61.76
ear,15,15,100,ohr,16,20,80
hurts,16,16,100,tut weh,16,17,94.12
alright,16,16,100,in Ordnung,16,16,100
to carry/wear,12,14,85.71,tragen,21,37,56.75675675675676
there is,16,17,94.12,es gibt,19,26,73.08
Ferris Wheel,17,22,77.27,Riesenrad,15,19,78.95
The People,12,14,85.71,Die Leute,14,16,87.5
The Fries,14,14,100,die pommes,15,19,78.95
are you (plural),12,14,85.71,seid ihr,13,19,68.42
early,14,14,100,früh,16,17,94.12
quarter to,17,17,100,Viertel vor,14,18,77.78
toothache,18,18,100,Zahnschmerzen,14,16,87.5
everywhere,11,11,100,überall,14,20,70
pink,12,12,100,rosa,14,14,100
co-workers,17,19,89.47,Arbeitskollegen,20,28,71.43
half,14,14,100,halb,21,27,77.78
to depart,14,15,93.33,abfahren,14,19,73.68
battery,18,19,94.73684210526316,Akku,16,19,84.21
on time,14,14,100,pünktlich,17,20,85
sweetheart,15,18,83.33,Schatz,14,15,93.33
to be right,16,18,88.88888888888889,stimmen,14,17,82.35
nice to meet you,18,19,94.74,Freut mich,19,25,76
at/with,17,17,100,bei,15,20,75
the adult,13,15,86.67,der Erwachsene,16,21,76.19
well done,19,26,73.08,Gut gemacht,17,20,85
to believe,13,15,86.67,glauben,14,16,87.5
never,16,16,100,nie,17,22,77.27
once a,17,19,89.47,einmal pro ,14,18,77.78
Shared apartment,19,20,95,Wohngemeinschaft,15,19,78.95
the shelf,18,22,81.82,das Regal,15,19,78.95
the microwave,19,20,95,das Mikrowelle,15,18,83.33
the refrigerator,19,22,86.36,der Kühlschrank,15,15,100
the garden,14,15,93.33,der garten,14,15,93.33
alone,18,20,90,allein,15,17,88.24
apartment building,16,16,100,Mehrfamilienhaus,17,20,85
in the,17,20,85,im,17,21,80.95
currently,17,17,100,zurzeit,14,16,87.5
stairs,20,20,100,Treppe,15,20,75
dangerous,20,31,64.52,gefährlich,14,21,66.67
if,10,13,76.92307692307693,wenn,11,17,64.70588235294117
to be crazy,7,8,87.5,spinnen,13,21,61.90476190476191
to draw,7,7,100,zeichnen,9,12,75
finally,9,10,90,endlich,10,12,83.33
stuff,7,7,100,sachen,22,36,61.11
pretty,7,8,87.5,hübsch,8,11,72.72727272727273
better,8,8,100,besser,10,10,100
quiet,8,9,88.89,ruhig,8,11,72.72727272727273
flour,10,12,83.33333333333334,mehl,10,12,83.33333333333334
the neighbor (female),8,9,88.88888888888889,die Nachbarin,8,8,100
the neighbor (male),9,9,100,der Nachbar,12,19,63.16
silent,11,17,64.71,leise,16,28,57.14
the cup,8,10,80,die tasse,10,12,83.33333333333334
The office,7,8,87.5,das Büro,8,9,88.89
the boss,9,9,100,der chef,9,11,81.81818181818183
ham,9,12,75,Schinken,13,21,61.9
dining room,9,10,90,Esszimmer,11,17,64.71
The bedspread,11,12,91.66666666666666,die Bettdecke,11,14,78.57142857142857
the plant,7,8,87.5,Die Pflanze,9,12,75
soft,10,10,100,weich,11,16,68.75
the pillow,7,7,100,das Kopfkissen,9,10,90
to grow,9,13,69.23,wachsen,8,10,80
to cancel,11,18,61.11,stornieren,9,12,75
to hope,9,9,100,hoffen,11,11,100
her dog,11,15,73.33333333333333,ihr hund,8,9,88.88888888888889
his cat,8,9,88.88888888888889,seine katze,9,10,90
his dog,8,9,88.89,sein hund,9,11,81.81818181818183
your dog,8,9,88.88888888888889,dein hund,8,12,66.67
your beer,9,10,90,dein bier,11,14,78.57142857142857
your cat,7,8,87.5,deine katze,12,19,63.1578947368421
What time is it,10,13,76.92307692307693,Wie spät ist es?,8,9,88.89
short,8,8,100,kurz,8,8,100
should,8,9,88.89,shollen,12,18,66.66666666666666
at your place,9,13,69.23076923076923,bei dir,15,27,55.55555555555556
annoying,9,12,75,ärgerlich,10,15,66.66666666666666
courage,9,10,90,Mut,20,39,51.28205128205128
to feel,8,10,80,fühlen,11,18,61.11111111111112
goes away,8,8,100,geht weg,13,19,68.42
the dough,12,17,70.59,der teig,9,10,90
not yet,9,10,90,noch nicht,10,12,83.33333333333334
Important,13,22,59.09,Wichtig,10,13,76.92
to be late,11,16,68.75,zu spät kommen,12,17,70.59
The Exam,13,21,61.90476190476191,Die Prüfung,9,14,64.28571428571429
enough,12,17,70.59,genug,10,12,83.33333333333334
soon,8,9,88.89,bald,10,10,100
to pass,9,13,69.23,bestehen,11,17,64.70588235294117
what are you doing now,7,10,70,Was machst du gerade,8,9,88.89
are you alright,14,25,56.00000000000001,geht es dir gut,11,18,61.11
immediately,8,12,66.66666666666666,sofort,14,23,60.86956521739131
to shop,9,11,81.81818181818183,Einkaufen,9,13,69.23076923076923
let's go,12,19,63.16,lass uns gehen,9,11,81.81818181818183
in order to,8,12,66.66666666666666,damit,14,26,53.85
sizes,18,30,60,Größen,10,14,71.42857142857143
emergency,12,18,66.67,notfälle,8,10,80
towel,12,17,70.59,Handtuch,9,12,75
whom,10,10,100,wem,11,11,100
than me,7,7,100,als ich,14,23,60.87
probably,20,33,60.61,wahrscheinlich,8,12,66.67
to water,8,10,80,gießen,15,27,55.55555555555556
was,8,8,100,war,8,8,100
quite,12,19,63.16,ziemlich,23,43,53.48837209302325
The Promotion,16,26,61.54,Die Beförderung,10,16,62.5
awful,7,9,77.78,furchtbar,7,9,77.78
the joke,9,11,81.81818181818183,der witz,10,10,100
looks nice,11,17,64.70588235294117,sieht nett aus,7,9,77.78
certain,8,10,80,sicher,11,16,68.75
the glasses,7,9,77.78,die brille,9,9,100
the song,13,18,72.22222222222221,das leid,9,9,100
to remind,8,11,72.73,erinnern,12,22,54.55
it is,18,30,60,ich bin es,10,16,62.5
next time,9,9,100,nächstes Mal,11,11,100
last,11,15,73.33,letzte,9,9,100
name is,8,9,88.88888888888889,heiße,15,26,57.69
the armchair,9,12,75,der Sessel,11,16,68.75
broken,7,7,100,kaputt,8,8,100
the shower,8,8,100,die Dusche,8,8,100
content,8,10,80,zurfreiden,8,11,72.73
civil servant,8,8,100,Beamter,8,8,100
siblings,8,12,66.66666666666666,Geschwister,9,13,69.23
the turtle,9,10,90,die Schildkröte,8,8,100
well-behaved,9,10,90,brav,8,11,72.72727272727273
granddaughter,7,7,100,Enkelin,9,16,56.25
grandson,9,11,81.81818181818183,Enkel,9,12,75
unemployed,7,7,100,arbeitslos,9,10,90
the village,7,7,100,das dorf,8,12,66.67
the mustard,11,15,73.33333333333333,der senf,9,10,90
spicy,7,8,87.5,scharf,9,11,81.81818181818183
to get,10,11,90.9090909090909,bekommen,8,9,88.89
spinach,8,10,80,spinat,10,10,100
cookies,8,8,100,kekse,9,12,75
the holiday,8,9,88.88888888888889,der Feiertag,11,15,73.33333333333333
the stores,15,23,65.22,die Geschäfte,12,19,63.16
closed,14,25,56.00000000000001,geschlossen,8,12,66.66666666666666
the relatives,14,21,66.67,die Verwandten,10,16,62.5
to work,7,7,100,arbeiten,11,11,100
the hour,14,18,77.78,die stunde,8,8,100
closes,10,15,66.67,schließt,10,18,55.55555555555556
the id card,13,20,65,der ausweis,9,12,75
the drinks,8,10,80,die Getränke,11,12,91.66666666666666
the suitcase,7,9,77.78,der Koffer,11,11,100
the pen,8,9,88.88888888888889,der kugelschreiber,9,10,90
to sign,9,10,90,unterschreiben,7,9,77.78
the form,10,14,71.43,das formular,8,8,100
the dictionary,13,21,61.9,das Wörterbuch,9,10,90
is delayed,11,17,64.71,Verspätung,19,36,52.78
just in case,14,22,63.64,für den fall des falles,8,10,80
first name,7,7,100,Vorname,7,8,87.5
the resume,17,29,58.62,der Lebenslauf,11,17,64.70588235294117
the last name,10,15,66.67,Der Nachname,9,9,100
The Driver's License,8,10,80,Der Führerschein,11,18,61.11
to motivate,10,10,100,motivieren,15,22,68.18
the break,8,10,80,die pause,9,9,100
to smoke,9,11,81.81818181818183,rauchen,8,11,72.73
the end of the workday,11,14,78.57142857142857,der Feierabend,15,28,53.57142857142857
the bicycle,7,8,87.5,das fahrrad,11,18,61.11
wet,9,12,75,nass,8,10,80
The gym shoe,8,8,100,die Turnschuhe,15,25,60
than,9,11,81.81818181818183,als,7,8,87.5
midnight,7,9,77.78,Mitternacht,8,8,100
the month,12,18,66.67,der Monat,9,9,100
the day,7,7,100,der Tag,8,8,100
the year,8,9,88.88888888888889,das Jahr,9,9,100
the weekend,7,9,77.78,das Wochenende,9,9,100
the week,8,10,80,die Woche,9,10,90
the cucumber,10,11,90.9090909090909,die gurke,8,9,88.89
the health food store,17,28,60.71428571428571,der bioladen,8,8,100
shortly,8,9,88.88888888888889,gleich,12,20,60
the butcher shop,7,9,77.78,die Metzgerei,10,15,66.67
the pastry shop,7,8,87.5,die konditorei,8,10,80
the receipt,13,23,56.52173913043478,der Kassenzettel,8,8,100
have a nice day,11,18,61.11,einen schönen Tag noch,9,9,100
the bag,8,8,100,die Tüte,9,11,81.81818181818183
I do not care,14,22,63.64,das ist mir egal,12,19,63.16
empty,8,9,88.88888888888889,leer,11,15,73.33333333333333
someone,13,20,65,jemand,9,10,90
Happy Birthday,10,13,76.92307692307693,Alles Gute zum Geburtstag,9,9,100
the horse,8,9,88.88888888888889,das Pferd,10,10,100
very likely,8,11,72.72727272727273,ganz bestimmt,15,27,55.55555555555556
salty,10,10,100,salzig,8,8,100
the birthday card,9,11,81.81818181818183,die Geburtstagskarte,8,8,100
whom,10,16,62.5,wen,10,20,50
earlier,8,11,72.73,früher,9,10,90
first,10,13,76.92,zuerst,8,9,88.88888888888889
messy,10,15,66.67,unordentlich,8,8,100
the groceries,17,31,54.84,die Lebensmittel,10,15,66.67
lazy,10,11,90.9090909090909,faul,11,12,91.66666666666666
rude,22,41,53.65853658536586,unhöflich,9,12,75
helpful,8,9,88.88888888888889,hilfreich,8,8,100
the chores,15,25,60,die Hausarbeit,9,13,69.23076923076923
tidy,7,9,77.78,ordentlich,8,10,80
to fly,8,10,80,fliegen,8,9,88.88888888888889
sleep in,9,13,69.23076923076923,ausschlafen,13,26,50
niece,7,7,100,nichte,9,12,75
the luggage,13,21,61.90476190476191,das Gepäck,9,12,75
the departure,10,12,83.33333333333334,der abflug,10,17,58.82352941176471
have a good trip,7,7,100,gute Reise,11,17,64.70588235294117
exercise,7,9,77.78,Übung,14,25,56
Charger,15,24,62.5,Ladegerät,7,9,77.78
Outlet,15,25,60,Steckdosen,12,17,70.59
The anniversary,8,10,80,Der Jahrestag,11,16,68.75
to call,8,8,100,anrufen,9,10,90
to send,8,10,80,schicken,11,18,61.11
the necklace,8,9,88.88888888888889,die kette,9,13,69.23076923076923
The earrings,9,11,81.81818181818183,die Ohrringe,11,15,73.33
champagne,7,7,100,sekt,8,13,61.53846153846154
guest,10,15,66.66666666666666,gast,8,8,100
all the time,8,11,72.72727272727273,die ganze zeit,8,12,66.66666666666666
a few,10,10,100,ein paar,8,8,100
wedding,8,9,88.88888888888889,hochzeit,9,12,75
the account,14,21,66.67,das konto,9,10,90
to open,8,11,72.72727272727273,offnen,9,13,69.23076923076923
a necklace,9,9,100,eine kette,8,11,72.73
birthplace,10,11,90.9090909090909,geburtsort,9,11,81.82
The embassy,19,36,52.77777777777778,die botschaft,8,10,80
The pineapple,8,9,88.88888888888889,Die ananas,7,7,100
healthier,10,10,100,gesünder,8,10,80
to agree,11,18,61.11,zustimmen,11,17,64.70588235294117
The Activities,8,8,100,die Aktivitäten ,10,14,71.42857142857143
easier,7,7,100,einfacher,8,8,100
both,9,10,90,beide,9,10,90
to renew,24,47,51.06382978723404,verlängern,26,51,50.98039215686274
afterwards,9,12,75,nachher,9,12,75
excellent,8,12,66.66666666666666,spitze,9,12,75
a cold,7,7,100,eine  Erkältung,8,9,88.89
an excuse,8,10,80,eine Ausrede,9,10,90
over,8,8,100,vorbei,13,23,56.52
let me know,14,23,60.86956521739131,Sag Bescheid,11,16,68.75
to move,16,28,57.14285714285714,umziehen,11,14,78.57142857142857
to go out,7,7,100,ausgehen,8,10,80
the move,12,20,60,der Umzug,10,14,71.42857142857143
exhausting,7,9,77.78,anstrengend,13,24,54.16666666666666
glad,10,11,90.9090909090909,froh,13,21,61.90476190476191
peace,8,9,88.88888888888889,ruhe,10,15,66.66666666666666
the gift certificate,17,33,51.52,der Gutschein,12,19,63.1578947368421
to gift,8,11,72.73,schenken,17,29,58.62
lovely,10,16,62.5,herrlich,11,17,64.70588235294117
to try,8,10,80,probieren,8,10,80
whose,13,18,72.22,wessen,9,16,56.25
The Grapes,9,10,90,Die Trauben,9,11,81.82
the customers,15,26,57.69,die kunden,10,14,71.42857142857143
The Asparagus,9,11,81.81818181818183,Der Spargel,11,14,78.57142857142857
The baked goods,11,18,61.11,die Backwaren,8,9,88.89
beforehand,11,14,78.57142857142857,vorher,11,17,64.71
new year's eve,9,9,100,silvester,11,13,84.61538461538461
Christmas,8,8,100,Weihnachten,10,10,100
even,9,12,75,sogar,13,22,59.09090909090909
the fruit cake,11,15,73.33,der stollen,8,11,72.72727272727273
The Dentist,7,8,87.5,Der Zahnartz,7,7,100
strict,8,9,88.88888888888889,streng,11,17,64.70588235294117
to stand,8,9,88.89,stehen,9,11,81.81818181818183
the gloves,8,8,100,Die Handschuhe,11,14,78.57142857142857
for Christmas,9,10,90,zu weihnachten,8,8,100
since,8,9,88.88888888888889,seit,8,8,100
the mirror,7,7,100,der Spiegel,8,9,88.88888888888889
to place,9,11,81.81818181818183,stellen,13,25,52
the dresser,15,25,60,die  Kommode,7,7,100
the furniture store,7,8,87.5,das Möbelhaus,7,7,100
the drug store,14,20,70,der Drogeriemarkt,9,10,90
the corner,10,12,83.33333333333334,die ecke,8,10,80
the soap,7,9,77.78,die Seife,8,10,80
the basement,9,11,81.81818181818183,der keller,8,8,100
comfortable,11,19,57.89473684210527,gemütlich,11,20,55.00000000000001
other,9,10,90,andere,11,18,61.11111111111112
the pencil,12,22,54.55,der Bleistift,9,12,75
the floor,8,9,88.88888888888889,Der Boden,9,12,75
the magazines,8,11,72.72727272727273,die Zeitschriften,10,17,58.82352941176471
to lay,8,10,80,legen,7,8,87.5
mean,8,8,100,gemein,8,10,80
look out,8,10,80,pass auf,9,14,64.28571428571429
careful,8,10,80,vorsichtig,9,13,69.23076923076923
the scooter,8,10,80,der Motorroller,9,14,64.29
the stop sign,8,10,80,das Stoppschild,11,11,100
the beard,11,18,61.11111111111112,der bart,9,10,90
to come in,9,13,69.23076923076923,reinkommen,14,23,60.87
scared,7,8,87.5,angst,8,13,61.54
what happened,8,10,80,Was ist passiert,8,8,100
done,7,7,100,fix und fertig,8,8,100
have planned,13,18,72.22,haven vor,16,31,51.61290322580645
the plates,11,15,73.33,die teller,12,20,60
the field,14,23,60.87,der Wiese,7,8,87.5
the legs,11,12,91.67,die Beine,9,11,81.81818181818183
the onions,10,10,100,die Zwiebeln,9,15,60
to use,8,9,88.89,benutzen,9,12,75
the coat,8,8,100,der mantel,8,8,100
the beer mug,9,9,100,der bierkrug,8,8,100
the apron,8,9,88.88888888888889,die Schürze,8,12,66.67
the festival,10,10,100,das fest,8,9,88.89
to try on,8,8,100,anprobieren,8,10,80
the dressing rooms,9,9,100,Die Umkleidekabinen,8,12,66.66666666666666
the pants,8,10,80,die hose,8,8,100
to fit,14,20,70,passen,9,12,75
too tight,7,8,87.5,zu eng,8,11,72.72727272727273
it does not matter,7,9,77.78,egal,8,9,88.88888888888889
The mushroom,7,8,87.5,Der Pilz,8,11,72.72727272727273
fabulous,9,11,81.81818181818183,großartig,11,19,57.89
the tallest,7,7,100,am höchsten,9,13,69.23
the nature,8,8,100,die natur,8,8,100
the plane,19,37,51.35135135135135,das flugzeug,11,18,61.11
nobody,10,10,100,niemand,8,10,80
to demonstrate,15,28,53.57,zeigen,14,27,51.85185185185185
the alarm,8,11,72.72727272727273,der wecker,9,13,69.23076923076923
to get up,11,16,68.75,aufstehen,8,10,80
the news,12,20,60,die Nachrichten,12,19,63.1578947368421
brush my teeth,10,14,71.42857142857143,putze mir die Zähne,7,8,87.5
the company,7,8,87.5,die ferma,8,10,80
the cafeteria,10,14,71.43,der kantine,8,8,100
around,12,17,70.58823529411765,gegen,11,19,57.89
to turn off,8,9,88.88888888888889,ausmachen,14,24,58.33
to fall asleep,8,9,88.88888888888889,einschlafen,9,15,60
the farm,8,11,72.73,der Bauernhof,8,9,88.89
downstairs,7,9,77.78,unten,11,18,61.11111111111112
the lion,8,12,66.67,der Löwe,11,11,100
the rabbit,10,12,83.33333333333334,das Kaninchen,8,9,88.88888888888889
to laugh,9,10,90,Lachen,9,9,100
about,7,7,100,über,9,12,75
to tell,11,18,61.11,erzählen,11,23,47.82608695652174
daily,7,7,100,täglich,9,10,90
the sweets,11,15,73.33,die Süßigkeiten,9,9,100
sailing,8,10,80,segeln,11,18,61.11
the tent,8,11,72.73,das zelt,9,10,90
isn't it,11,13,84.61538461538461,nicht war,7,8,87.5
in a hurry,9,9,100,in Eile,9,11,81.81818181818183
waiting room,8,9,88.89,wartezimmer,7,7,100
what about,8,10,80,Worüber,9,16,56.25
what is new,8,9,88.88888888888889,was gibt's Neues,9,9,100
one and a half,7,7,100,eineinhalb,8,8,100
to break up,9,10,90,schluss machen,16,27,59.25925925925925
difficult,9,9,100,schwierig,8,9,88.89
snored,11,14,78.57142857142857,hat geschnarcht,8,9,88.88888888888889
washed the dishes,8,9,88.88888888888889,abgewaschen,13,24,54.17
strange,8,9,88.88888888888889,komisch,8,8,100
to snore,9,11,81.81818181818183,schnarchen,9,10,90
really,8,9,88.89,echt,10,10,100
mad,10,15,66.67,sauer,11,18,61.11111111111112
to lose (at something),11,14,78.57142857142857,verloren,9,14,64.29
last,9,14,64.28571428571429,zuletzt,8,9,88.88888888888889
upstairs,8,10,80,oben,11,15,73.33333333333333
the nap,10,11,90.91,das Nickerchen,9,11,81.81818181818183
under,9,9,100,unter,9,12,75
to give up,8,12,66.66666666666666,aufgeben,8,13,61.53846153846154
days,9,10,90,tagen,9,9,100
to get,11,11,100,bekommen,9,13,69.23076923076923
the birth year,8,8,100,das Geburtsjahr,8,9,88.88888888888889
to arrive,7,7,100,ankommen,8,12,66.66666666666666
the second,8,8,100,die sekunde,10,14,71.42857142857143
the headphones,8,9,88.89,die Kopfhörer ,8,10,80
behind,8,8,100,hinter,10,12,83.33333333333334
the drawer,10,12,83.33333333333334,der Schublade,9,12,75
the wallet,9,10,90,Der Geldbeutel,8,9,88.88888888888889
everywhere,10,10,100,überall,9,15,60
well-known,11,11,100,bekannt,10,14,71.42857142857143
computer science,9,10,90,informatik,8,10,80
clear,9,9,100,klar,8,8,100
to answer,9,11,81.81818181818183,anworten,10,12,83.33333333333334
to listen,7,8,87.5,zuhören,9,11,81.81818181818183
the lecture,15,27,55.56,der Vorlesung,14,24,58.33
the bathtub,8,9,88.89,die Badewanne,10,14,71.42857142857143
the day after tomorrow,7,8,87.5,übermorgen,8,12,66.67
the cash,12,20,60,das bargeld,9,9,100
the seats,8,8,100,die Sitzplätze,16,28,57.14285714285714
to pay for,8,9,88.88888888888889,bezahlen,12,23,52.17
famous,10,13,76.92307692307693,berühmt,12,18,66.67
guy,7,7,100,typ,10,10,100
the stage,20,33,60.60606060606061,die Bühne,9,12,75
the day before yesterday,10,10,100,vorgestern,9,12,75
the apprenticeship,14,19,73.68,die Ausbildung,9,14,64.28571428571429
major,12,14,85.71,hauptfach,8,10,80
to lose (something),10,15,66.67,verlieren,11,19,57.89473684210527
to ride,16,26,61.54,Reiten,10,16,62.5
to practice,11,13,84.62,trainieren,8,8,100
to do math,7,7,100,rechnen,7,9,77.78
to spell,10,13,76.92,buchstabieren,9,13,69.23076923076923
to belong to,9,10,90,gehören ,10,19,52.63157894736842
colored pencils,8,10,80,Farbstifte,10,13,76.92307692307693
the drawing,9,13,69.23076923076923,Die Zeichnung,10,17,58.82
to climb,8,9,88.88888888888889,klettern,8,9,88.89
the playground,11,15,73.33333333333333,Der Spielplatz,8,8,100
to take place,12,17,70.58823529411765,statt finden,13,22,59.09090909090909
to become,14,20,70,werden,8,11,72.73
writer,14,23,60.87,Schriftsteller,11,16,68.75
to build,7,7,100,bauen,13,20,65
awful,7,9,77.78,schrecklich,8,13,61.53846153846154
one day,10,10,100,eines tages,8,11,72.73
the landscape,13,19,68.42,Die Landschaft,8,12,66.67
the prize,11,14,78.57142857142857,Der Preis,8,10,80
what kind of,9,11,81.81818181818183,Was für,8,12,66.67
the people,7,7,100,der Menschen,10,13,76.92307692307693
the environment,8,11,72.73,die Umwelt,9,12,75
to earn,8,8,100,verdienen,11,15,73.33
the tie,10,11,90.91,die Krawatte,9,9,100
the briefcase,8,9,88.89,die Aktentasche,8,10,80
horrible,13,22,59.09090909090909,scheußlich,9,13,69.23
the notebook,11,15,73.33333333333333,das Notizbuch,11,12,91.66666666666666
the mug,8,9,88.88888888888889,der becher,10,12,83.33333333333334
huge,7,9,77.78,riesigen,9,12,75
the belt,10,12,83.33333333333334,der Gürtel,8,8,100
You did not know that,13,23,56.52173913043478,Hast du das nicht gewusst?,12,21,57.14285714285714
the bike ride,8,10,80,die Radtour,9,11,81.81818181818183
rained,7,7,100,geregnet,8,8,100
the thunderstorm,7,8,87.5,das Gewitter,8,9,88.88888888888889
piece of advice,10,12,83.33333333333334,Ratschlag,11,19,57.89473684210527
pale,7,7,100,blass,10,16,62.5
feel bad for,10,13,76.92307692307693,habe Mitleid mit,19,37,51.35135135135135
benefits,17,33,51.52,vorteile,9,13,69.23076923076923
walk,7,8,87.5,spaziergang,8,11,72.72727272727273
stiff,11,18,61.11,steif,8,9,88.88888888888889
the neck,8,12,66.66666666666666,der nacken,8,8,100
the story,7,9,77.78,die Geschichte,8,12,66.67
the helicopter,16,27,59.26,der Hubschrauber,7,8,87.5
the snake,8,8,100,die Schlange,11,17,64.70588235294117
sassy,8,10,80,frech,8,11,72.72727272727273
hard working,13,21,61.9,fleißig,10,15,66.67
when I was a kid,10,13,76.92,als ich ein kind war,8,8,100
cartoons,12,19,63.16,Zeichentrickfilme ,9,9,100
not at all,12,20,60,gar nicht,8,10,80
liked,13,20,65,gemocht,11,16,68.75
members,8,11,72.72727272727273,Mitglieder,14,23,60.86956521739131
easy,15,27,55.56,leicht,8,10,80
geography,13,20,65,Erdkunde,8,11,72.72727272727273
hated,9,10,90,gehasst,11,16,68.75
subject,8,9,88.89,Fach,10,16,62.5
have traveled,8,9,88.88888888888889,bist ... gereist,10,17,58.82352941176471
have stayed,24,47,51.06382978723404,bist ... geblieben,13,21,61.90476190476191
countries,8,10,80,Länder,8,10,80
the monitor,14,20,70,der Bildschirm,8,8,100
regularly,8,9,88.89,regelmäßig,8,9,88.88888888888889
inside,7,7,100,drinnen,8,8,100
to tidy up,10,13,76.92307692307693,aufräumen,15,29,51.72
agreed,14,25,56,einverstanden,20,39,51.28205128205128
the furniture,11,17,64.70588235294117,die Möbel,8,10,80
unusual,13,22,59.09090909090909,ungewöhnlich,8,11,72.72727272727273
the stove,7,8,87.5,der herd,11,13,84.61538461538461
across from,10,14,71.43,gegenüber,9,12,75
square meters,8,10,80,Quadratmeter ,8,11,72.73
especially,9,12,75,besonders,14,25,56
to go outside,7,10,70,hinausgehen,8,11,72.72727272727273
to chat,10,12,83.33333333333334,plaudern,10,12,83.33333333333334
nevertheless,8,11,72.73,trotzdem,11,18,61.11
the blanket,8,11,72.72727272727273,die decke,8,12,66.66666666666666
the knife,12,19,63.16,das messer,8,11,72.72727272727273
the fork,9,13,69.23,die gabel,11,12,91.66666666666666
to feed,12,19,63.16,fütteren,7,8,87.5
to look after,8,10,80,aufpassen,10,19,52.63157894736842
the flat tire,11,14,78.57142857142857,die Reifenpanne,8,9,88.89
the tire,10,15,66.66666666666666,der Reifen,9,11,81.81818181818183
to change,15,25,60,wechseln,10,14,71.43
to lend,8,9,88.89,leihen,8,12,66.66666666666666
the letter,10,16,62.5,der breif,8,8,100
the stamp,16,25,64,die briefmarke,8,8,100
the envelope,8,10,80,der briefumschlag,8,11,72.72727272727273
the package,11,12,91.66666666666666,das Paket ,11,18,61.11111111111112
out of town,7,8,87.5,verreist,8,12,66.66666666666666
to accept,9,12,75,annehmen,11,19,57.89473684210527
out of town for business,9,12,75,geschäftlich verreist,10,16,62.5
the oil,7,8,87.5,das Öl,9,9,100
to fry,8,8,100,braten,9,10,90
the cans,11,12,91.66666666666666,die Dosen,9,14,64.29
secretary,8,9,88.88888888888889,Sekretär,8,13,61.53846153846154
to copy,11,17,64.71,kopieren,10,11,90.9090909090909
handyman,8,9,88.88888888888889,Handwerker,9,11,81.81818181818183
to repair,8,8,100,reparieren,8,10,80
to grade,7,7,100,korrigieren,8,12,66.66666666666666
to close,8,9,88.88888888888889,zumachen,13,22,59.09090909090909
to open up,9,10,90,aufmachen,12,20,60
to spend (time),21,41,51.21951219512195,verbringen,14,27,51.85185185185185
went out,9,14,64.28571428571429,sind...ausgegangen,9,11,81.81818181818183
rarely,12,20,60,selten,9,12,75
the bean,9,10,90,die Bohne,10,14,71.42857142857143
the salmon,8,10,80,der Lachs,9,13,69.23
free of charge,8,8,100,kostenlos,9,13,69.23
anything else for you,7,9,77.78,Sonst noch etwas für Sie,10,14,71.42857142857143
the zipcode,8,10,80,Die Postleitzahl,11,19,57.89473684210527
a quarter of an hour,8,8,100,eine Viertelstunde,8,12,66.67
the juice,8,10,80,der saft,7,7,100
change ($),9,12,75,kleingeld,13,24,54.16666666666666
the delivery person,11,21,52.38095238095239,Der Lieferant ,8,12,66.67
the tip,7,9,77.78,das Trinkgeld,8,10,80
but rather,9,9,100,sondern,16,27,59.25925925925925
the garlic,8,10,80,der Knoblauch ,9,11,81.81818181818183
vinegar,7,9,77.78,essig,10,10,100
outstanding,8,11,72.73,hervorragend ,10,16,62.5
opened,9,14,64.29,aufgemacht,15,28,53.57142857142857
got up,9,12,75,aufgestanden,15,27,55.56
to offer,10,16,62.5,anbieten,12,20,60
to lie,8,10,80,lügen,8,11,72.73
degree,7,9,77.78,Abschluss,15,28,53.57142857142857
the ghost,10,12,83.33333333333334,das Gespenst,8,11,72.72727272727273
the monster,11,18,61.11,das Ungeheuer,9,10,90
the monkey,8,10,80,der affe,8,8,100
curious,13,21,61.9,neugierig,8,11,72.73
to shout,8,11,72.72727272727273,schreien,11,18,61.11
to wake up,8,10,80,wecken,12,20,60
to meet,7,9,77.78,kennenlernen,9,9,100
met,7,8,87.5,kennengelernt,8,9,88.88888888888889
the sunglasses,7,7,100,die Sonnenbrille,10,10,100
offers,10,14,71.43,bietet an,20,37,54.05
the sky,9,9,100,der himmel,8,8,100
how do you feel,10,15,66.67,Wie fühlst du dich,8,9,88.89
passed,13,20,65,bestanden,11,18,61.11111111111112
to pass,8,10,80,bestehen,13,23,56.52173913043478
depressed,10,14,71.43,deprimiert,8,9,88.89
to argue,12,20,60,streiten,8,12,66.66666666666666
the rain,9,9,100,der regen,9,9,100
report card,14,24,58.333333333333336,Zeugnis,9,14,64.28571428571429
the spider,8,9,88.89,die spinne,8,10,80
to cry,7,9,77.78,Weinen,8,8,100
traffic,7,7,100,stau,10,11,90.9090909090909
annoyed,17,28,60.71,geärgert,8,11,72.72727272727273
was excited,16,30,53.333333333333336,gefreut,20,39,51.28205128205128
back then,11,17,64.71,Damals,10,16,62.5
The building,7,9,77.78,das Gebäude,8,9,88.88888888888889
to unpack,7,9,77.78,auspacken,8,10,80
unpacked,11,16,68.75,ausgepackt,9,10,90
to share,9,12,75,teilen,7,9,77.78
the wall,14,23,60.87,die wand,9,9,100
the trash can,8,10,80,der Mülleimer,8,11,72.73
next to,9,9,100,neben,9,9,100
the map,7,9,77.78,die landkarte,8,8,100
the printer,7,8,87.5,der druker,8,10,80
the curtain,7,7,100,der vorhang,10,15,66.66666666666666
the fan,8,12,66.66666666666666,Der Ventilator,8,9,88.88888888888889
brought along,7,9,77.78,mitgebracht,8,9,88.88888888888889
the electric kettle,10,16,62.5,der Wasserkocher,8,11,72.72727272727273
the bedsheets,13,21,61.9,die Bettlaken,13,26,50
to fill out,10,12,83.33333333333334,ausfüllen,8,10,80
filled out,9,11,81.81818181818183,ausgefüllt,9,12,75
whose,9,11,81.81818181818183,wessen,10,15,66.66666666666666
the city map,7,10,70,Der stadtplan,11,11,100
the bridge,7,8,87.5,die Brücke,8,9,88.88888888888889
of the,8,9,88.88888888888889,vom,8,11,72.72727272727273
to cross,10,16,62.5,überqueren,12,18,66.66666666666666
gas,10,11,90.9090909090909,Benzin,8,9,88.88888888888889
the tank,9,11,81.81818181818183,der tank,7,8,87.5
the capital,12,19,63.16,die Hauptstadt,8,9,88.88888888888889
the hill,9,11,81.81818181818183,der Hügel,9,12,75
the crossing,11,16,68.75,Die Kreuzung,11,19,57.89473684210527
to drive around,7,9,77.78,um ... herumfahren,7,11,63.64
toured,7,10,70,besichtigt,19,38,50
in fact,10,15,66.67,tatsächlich,15,27,55.56
to stand in line,7,8,87.5,Schlange stehen,9,11,81.82
ever,9,11,81.82,jemals,14,27,51.85185185185185
visited,8,12,66.67,besichtigt,9,13,69.23076923076923
sex,8,11,72.72727272727273,geschlecht,9,12,75
exciting,12,19,63.16,spannend,13,20,65
summary,13,18,72.22222222222221,Zusammenfassung,9,11,81.81818181818183
Miles,8,9,88.88888888888889,Meilen,10,11,90.9090909090909
to knit,11,18,61.11,stricken,9,11,81.82
somewhere,8,11,72.72727272727273,irgendwo,8,12,66.66666666666666
snowed,7,8,87.5,geschneit,8,9,88.89
the winter boots,14,25,56.00000000000001,die Winterstiefel,8,11,72.72727272727273
flat,8,8,100,flach,11,16,68.75
freezing,7,8,87.5,eiskalt,8,11,72.72727272727273
weekly,7,8,87.5,wöchentlich,8,8,100
pleasant,10,16,62.5,angenehm,8,10,80
of,7,7,100,von,11,17,64.71
to die,8,12,66.66666666666666,sterben,10,14,71.42857142857143
wrong,8,9,88.88888888888889,falsch,7,8,87.5
the test,17,33,51.51515151515152,die Klassenarbeit,10,15,66.67
the sentence,7,8,87.5,der satz,11,16,68.75
the mistake,11,17,64.71,Der Fehler,10,17,58.82352941176471
to prepare for,9,12,75,vorbereiten,21,40,52.5
the vocabulary,7,8,87.5,die Vokabeln,8,8,100
argues,11,16,68.75,streitet sich,10,16,62.5
are allowed to,8,8,100,darf,12,23,52.17
to interrupt,10,15,66.67,stören,19,37,51.35135135135135
the class,19,37,51.35,Der Unterricht,10,14,71.43
the square,8,13,61.53846153846154,das viereck,8,10,80
the ruler,11,13,84.61538461538461,das lineal,9,9,100
took,8,12,66.66666666666666,habe .. genommen,9,12,75
the calculator,12,20,60,der Taschenrechner,9,13,69.23076923076923
the eraser,16,28,57.14285714285714,der Radiergummi,8,10,80
to cut class,14,25,56.00000000000001,schwänzen,10,15,66.66666666666666
to get married,11,16,68.75,heiraten,9,15,60
to sell,11,15,73.33,verkaufen,9,10,90
the folders,9,14,64.29,die Ordner,11,18,61.11
experience,19,36,52.77777777777778,Erfahrung,14,27,51.85
foreign languages,9,11,81.81818181818183,Fremdsprachen,9,13,69.23076923076923
necessary,17,30,56.67,notwendig,12,23,52.17
employees,12,22,54.55,Mitarbeiter,9,13,69.23
the lunchtime,9,12,75,die Mittagszeit,7,10,70
the sheep,7,7,100,das schaf,8,9,88.88888888888889
useful,8,8,100,nützlich,13,22,59.09
at least,7,9,77.78,wenigstens,9,14,64.29
to curse,8,12,66.66666666666666,schimpfen,8,11,72.72727272727273
The parrots,8,9,88.88888888888889,Die Papageien,10,17,58.82352941176471
the heater,16,27,59.25925925925925,die Heizung,8,11,72.73
the keyboard,7,7,100,Die Tastatur,9,11,81.81818181818183
angry,15,27,55.55555555555556,wütend,8,13,61.54
Fell down,16,28,57.14,runtergefallen,11,15,73.33333333333333
the flu,7,7,100,die Grippe,8,12,66.66666666666666
the accident,8,11,72.72727272727273,der unfall,7,9,77.78
singer (female),9,11,81.81818181818183,Sängerin,10,17,58.82352941176471
grew up,18,34,52.94117647058824,sind ... aufgewachsen,13,22,59.09090909090909
shown,22,43,51.16279069767442,haben ... gezeigt,11,19,57.89473684210527
the trash,7,8,87.5,der Müll,8,8,100
the laundry,7,10,70,Die Wäsche,10,15,66.66666666666666
the roof,8,12,66.66666666666666,das Dach,8,11,72.72727272727273
the poor,12,18,66.67,die Armen,10,14,71.42857142857143
the lawn,11,15,73.33333333333333,Der Rasen,11,15,73.33333333333333
to mow,7,8,87.5,mähen,9,12,75
The feeling of being alone in the woods,11,16,68.75,Waldeinsamkeit,10,14,71.42857142857143
invited,9,11,81.81818181818183,haben ...  eingeladen,8,10,80
the discount,9,12,75,die Ermäßigung,9,12,75
except for,9,12,75,Außer,16,33,48.48484848484848
most,7,9,77.78,meisten,16,31,51.61290322580645
inhabitants,7,9,77.78,einwohnen,10,16,62.5
Did you know,12,19,63.16,wusstest du,10,15,66.66666666666666
most beautiful,8,10,80,schönsten,8,12,66.67
ship,8,10,80,Schiff,11,17,64.70588235294117
to call back,9,12,75,zurückrufen,9,10,90
to hurry up,10,15,66.66666666666666,beeilen,17,33,51.51515151515152
do they remember,11,16,68.75,Erinnern sie sich,11,21,52.38095238095239
called back,11,17,64.71,haben ..  zurückgerufen,10,15,66.66666666666666
occupied,11,15,73.33333333333333,besetzt,10,16,62.5
to miss,15,28,53.57,verpassen,12,23,52.17391304347826
started,16,26,61.54,angefangen,7,11,63.64
the beginning,17,28,60.71428571428571,der anfang,9,14,64.29
the row,8,8,100,Die reihe,8,9,88.89
The Sequel,11,18,61.11,Die Fortsetzung,9,13,69.23076923076923
the plot,16,29,55.172413793103445,Die Handlung,10,14,71.42857142857143
nonsense,8,9,88.89,Quatsch,11,17,64.71
environmental protection,8,8,100,Umweltschutz,9,11,81.82
The poems,9,10,90,Die Gedichte,8,11,72.72727272727273
to fall in love,8,12,66.66666666666666,verlieben,9,12,75
the idea,8,10,80,die Idee,8,8,100
to suggest,12,17,70.59,vorschlagen,11,20,55.00000000000001
for example,11,16,68.75,zum Beispiel,7,8,87.5
the face,8,11,72.72727272727273,das Gesicht,8,10,80
the toothbrush,8,8,100,die Zahnbürste,9,14,64.28571428571429
the hairbrush,9,10,90,die Haarbürste,8,9,88.89
brushed,8,10,80,haben ... geputzt,12,23,52.17391304347826
to shave,12,18,66.67,rasieren,8,10,80
thin,8,9,88.88888888888889,dünn,10,11,90.9090909090909
The raincoat,8,8,100,Der Regenmantel,8,10,80
to put on,8,12,66.67,anziehen,14,27,51.85185185185185
felt,8,9,88.89,hast ... gefühlt,9,11,81.81818181818183
afterwards,11,16,68.75,danach,11,17,64.71
was there,9,12,75,gab es,11,18,61.11111111111112
to lie down,14,23,60.87,sich hinlegen,8,11,72.73
unbearable,9,12,75,unerträglich,8,11,72.73
sat,10,14,71.43,haben ... gesessen,8,12,66.67
the heat,7,7,100,die hitze,8,8,100
the wind,8,10,80,der wind,8,8,100
because of,7,10,70,wegen,15,26,57.69
to jump,8,8,100,springen,8,8,100
the wood,7,9,77.78,das holz,10,13,76.92
the kite,12,17,70.59,der drachen,11,18,61.11111111111112
the instructions,21,36,58.33,die Anweisungen,8,13,61.54
colorful,10,14,71.43,bunte,11,16,68.75
the throat,7,9,77.78,der hals,10,11,90.9090909090909
the cabbage,8,11,72.73,der kohl,7,7,100
to dry,7,8,87.5,abtrocknen,8,12,66.67
the sink,9,18,50,das Spülbecken,8,8,100
to break,14,27,51.85,zerbrechen,8,11,72.72727272727273
to vacuum,9,12,75,Staubsaugen,9,11,81.82
broke,11,16,68.75,habe ... zerbrochen,8,9,88.89
the spoon,7,8,87.5,der Löffel,9,11,81.81818181818183
between,10,11,90.9090909090909,zwischen,10,11,90.9090909090909
to comb,8,9,88.89,kämmen,10,15,66.66666666666666
moist,11,16,68.75,feucht,11,16,68.75
dry,8,10,80,trocken,11,16,68.75
the mouth,9,10,90,der Mund,9,14,64.29
to throw,13,19,68.42105263157895,werfen,8,11,72.72727272727273
the hat,9,13,69.23076923076923,Die Mütze,11,16,68.75
the bracelet,8,12,66.67,das armband,8,9,88.88888888888889
to go with (match),7,10,70,zupassen,20,39,51.28205128205128
to spend,9,15,60,ausgeben,12,23,52.17
The underwear,8,8,100,die Unterwäsche,8,11,72.73
The Jewelry,7,7,100,der schmuck,11,15,73.33
to give away,17,29,58.620689655172406,Verschenken,13,23,56.52
moved in,18,35,51.42857142857142,sind ... eingezogen,12,20,60
rest,11,17,64.71,Erholung,7,11,63.64
to set,15,25,60,decken,10,17,58.82352941176471
mech e,8,8,100,Maschinenbau,8,9,88.88888888888889
crazy,8,9,88.89,verrückt,9,9,100
likable,7,9,77.78,sympathisch,17,33,51.51515151515152
fashion,7,7,100,mode,10,16,62.5
the fur,7,7,100,das fell,7,11,63.64
the animal shelter,9,11,81.81818181818183,der Tierheim,9,13,69.23076923076923
to get along,8,13,61.53846153846154,sich verstehen,20,39,51.28205128205128
just as,10,12,83.33333333333334,genauso,7,7,100
fat,8,9,88.88888888888889,dick,8,11,72.73
cuddly,15,23,65.22,kuschelig,8,10,80
talented,12,20,60,begabt,22,40,55
to get worked up,10,17,58.82,sich aufregen,9,13,69.23076923076923
patient,18,30,60,geduldig,8,12,66.67
shy,8,10,80,schüchtern,15,26,57.692307692307686
electronics stores,8,8,100,Elektroläden,17,33,51.51515151515152
round,9,11,81.81818181818183,runden,7,9,77.78
the travel adapter,7,9,77.78,der Reiseadapter,8,9,88.89
to explain,7,9,77.78,erklären,11,17,64.70588235294117
lower (prices),8,11,72.72727272727273,niedriger,16,27,59.26
damaged,16,27,59.26,beschädigt,11,16,68.75
stupid/silly,8,10,80,blöd,8,13,61.54
to return,15,26,57.69,zurückkehren,9,14,64.28571428571429
to complain,11,16,68.75,sich beschweren,8,11,72.72727272727273
how about,8,12,66.66666666666666,Wie wäre es mit,11,19,57.89473684210527
to exchange,14,25,56,Umtauschen,8,13,61.53846153846154
to describe,9,13,69.23076923076923,beschreiben,9,12,75
to get back,7,10,70,zurückbekommen,13,25,52
I am not sure,8,12,66.66666666666666,Ich bin mir nicht sicher,9,9,100
mountain climbing,10,15,66.67,Bergsteigen,10,13,76.92307692307693
skydiving,7,7,100,Fallschirmspringen,8,10,80
risky,8,8,100,riskant,9,10,90
in my opinion,8,8,100,Meiner Meinung nach,8,11,72.73
kind of ice cream,8,10,80,Eissorte,10,15,66.66666666666666
whipped cream,8,8,100,Schlagsahne,8,8,100
fried,13,21,61.90476190476191,gebraten,10,11,90.9090909090909
to consume,10,16,62.5,verbrauchen,20,39,51.28205128205128
to protect,11,18,61.11111111111112,beschützen,17,32,53.125
forests,9,13,69.23076923076923,Wälder,15,29,51.72413793103448
on the topic of,7,8,87.5,zum Thema,11,17,64.70588235294117
conversations,7,10,70,Gespräche,13,23,56.52
the topics,11,14,78.57142857142857,die Themen,9,13,69.23076923076923
the topic,8,11,72.72727272727273,das thema,8,9,88.88888888888889
stubborn,8,8,100,stur,8,12,66.67
The Mud,11,16,68.75,Der matsch,8,8,100
to take along,8,10,80,mitnehmen,12,19,63.1578947368421
to your house,8,8,100,zu dir nach Hause,11,14,78.57142857142857
to your house (plural),10,14,71.43,zu dir euch Hause,10,19,52.63157894736842
the braces,7,9,77.78,die zahnspange,8,9,88.89
to introduce,14,26,53.84615384615385,vorstellen,19,37,51.35135135135135
the noise,11,19,57.89,die Geräusche,10,14,71.42857142857143
the cage,10,16,62.5,der Käfig,11,15,73.33333333333333
to feed,8,8,100,füttern,10,11,90.9090909090909
the twins,11,16,68.75,die Zwillinge,7,8,87.5
generous,14,23,60.86956521739131,großzügig,10,13,76.92307692307693
to steal,7,10,70,stehlen,9,12,75
introduced,16,31,51.61290322580645,haben vorgestellt,10,14,71.42857142857143
thirsty,7,7,100,durstig,11,15,73.33333333333333
to charge,7,10,70,aufladen,8,12,66.67
salesperson (male),9,12,75,Verkäufer,19,36,52.77777777777778
the island,9,12,75,die insel,9,11,81.81818181818183
the islands,8,8,100,die inseln,9,12,75
in favor of us,11,15,73.33,"dafür, dass wir",13,21,61.90476190476191
the guidebook,7,9,77.78,der Reiseführer,9,16,56.25
sense,8,9,88.88888888888889,sinn,8,11,72.72727272727273
the swim trunks,7,7,100,Die Badehose,11,18,61.11111111111112
The sunburn,11,17,64.70588235294117,der Sonnenbrand,11,12,91.66666666666666
against it,13,24,54.17,dagegen,11,17,64.70588235294117
it would be,7,10,70,Es wäre,10,17,58.82352941176471
attractions,12,17,70.58823529411765,Sehenswürdigkeiten,8,8,100
century,9,9,100,Jahrhundert,8,10,80
the city tour,15,26,57.692307692307686,Die Stadtführung,10,15,66.66666666666666
the hostel,11,18,61.11111111111112,die jugendherberge,9,16,56.25
the swimming pool,9,14,64.28571428571429,das Schwimmbecken,7,8,87.5
similar,8,10,80,ähnlich,11,17,64.70588235294117
the carnival parade,7,8,87.5,der Karnevalsumzug,8,10,80
to dress up,11,18,61.11111111111112,verkleiden sich,11,18,61.11111111111112
the city hall,8,12,66.67,das Rathaus,8,9,88.89
the competition,7,10,70,der Wettbewerb,12,21,57.14285714285714
to participate,8,13,61.54,teilnehmen,18,34,52.94
the classmates,8,10,80,die Mitschüler,11,17,64.71
funny,11,17,64.70588235294117,witziger,10,16,62.5
to guess,8,13,61.53846153846154,raten,8,13,61.54
evil,8,9,88.88888888888889,böse,8,12,66.66666666666666
pajamas,8,10,80,Schlafanzug,8,10,80
curly hair,8,8,100,Lockige haare,8,8,100
the masks,9,9,100,die masken,9,9,100
great,7,10,70,klasse,8,10,80
dressed up,8,12,66.67,haben ... verkleidet,14,21,66.66666666666666
it does not make any sense,9,9,100,es macht keinen Sinn,14,25,56.00000000000001
does it make sense,8,10,80,macht es sinn,9,15,60
dizzy,15,25,60,schwindelig,9,10,90
weak,8,10,80,schwach,10,14,71.42857142857143
to throw up,10,14,71.42857142857143,übergeben,8,10,80
absolutely,8,12,66.67,unbedingt,14,24,58.333333333333336
throws up,9,15,60,übergibt sich,8,14,57.14285714285714
your age,8,11,72.73,Ihr alter,8,10,80
insured,8,11,72.72727272727273,versichert,10,18,55.55555555555556
The doctor's office,7,10,70,Die Praxis,7,9,77.78
dizzy,8,10,80,schwindelig,9,11,81.81818181818183
are you in pain,8,8,100,haben sie schmerzen,8,10,80
to rest,8,9,88.88888888888889,Erholen,11,16,68.75
nothing at all,9,13,69.23076923076923,überhaupt nicht,9,14,64.28571428571429
to come back,8,9,88.88888888888889,zurückkommen,8,11,72.72727272727273
contest,8,11,72.72727272727273,Wettbewerb,8,13,61.53846153846154
some,9,12,75,manche,9,10,90
I am worried,17,28,60.71428571428571,ich mache mir sorgen,12,20,60
to turn,7,9,77.78,abbiegen,9,12,75
to decide,10,18,55.56,sich entscheiden,11,15,73.33333333333333
decided,11,20,55.00000000000001,haben sich... entschieden,9,12,75
the cruise,8,12,66.66666666666666,die kreuzfahrt,8,10,80
in order to,8,9,88.88888888888889,um zu,9,10,90
Venice,8,9,88.88888888888889,Venedig,10,11,90.9090909090909
to book,7,8,87.5,buchen,9,11,81.81818181818183
on the website,9,13,69.23076923076923,auf der website,8,8,100
the wifi,8,8,100,das WLAN,9,10,90
in the area,7,8,87.5,in der gegen,9,16,56.25
the reviews,12,18,66.66666666666666,die Bewertungen,9,12,75
the air conditioner,7,9,77.78,die Klimaanlage,9,14,64.28571428571429
to find out,8,10,80,herausfinden,12,18,66.67
I have never been,15,29,51.72413793103448,Es ging mir nie,11,18,61.11111111111112
the scissors,8,10,80,die Schere,9,12,75
the ceiling,8,9,88.88888888888889,die Decke,8,10,80
celebrated,9,10,90,haben ... gefeiert,8,8,100
that is not true,7,8,87.5,das stimmt nicht,11,17,64.70588235294117
tidied up,7,10,70,haben ... aufgeräumt,11,15,73.33333333333333
no way,8,10,80,doch,9,12,75
I am walking the dog,11,18,61.11,ich gehe mit dem hund gassi,9,10,90
jonathan,8,8,100,morgenmuffel,8,8,100
never before,8,10,80,noch nie,10,15,66.66666666666666
not even,11,17,64.70588235294117,nicht einmal,7,11,63.64
besides,7,7,100,Außerdem,8,12,66.67
each other,7,9,77.78,einander,9,13,69.23076923076923
got better,8,11,72.73,haben sich ... verbessert,8,12,66.67
the oven,7,7,100,der Ofen,9,9,100
just,8,12,66.66666666666666,gerade,8,11,72.72727272727273
paid,9,12,75,haben ... bezahlt,7,8,87.5
the dishwasher,10,13,76.92307692307693,die Spülmaschine,9,13,69.23076923076923
still,8,9,88.89,immer noch,8,10,80
the hole,9,15,60,das Loch,8,9,88.88888888888889
squeaks,8,9,88.88888888888889,quietscht,10,16,62.5
the ant,8,10,80,die Ameise,9,14,64.28571428571429
the spider,7,7,100,die Spinne,9,9,100
the mattress,7,9,77.78,die Matratze,8,10,80
the cabinet,8,8,100,der Schrank,9,14,64.28571428571429
The walls,8,10,80,Die Wände,8,8,100
the pigeon,11,17,64.70588235294117,die Taube,10,17,58.82352941176471
the balcony door,8,8,100,die Balkontür,10,10,100
to shut,8,10,80,schließen,10,18,55.55555555555556
especially,12,21,57.14285714285714,vor allem,14,25,56
square,7,8,87.5,viereckig,8,9,88.88888888888889
Footbridge,9,9,100,Steg,9,16,56.25
along,9,11,81.81818181818183,entlang,9,11,81.81818181818183
impressive,10,16,62.5,beeindruckend,9,13,69.23076923076923
the shade,10,14,71.43,der Schatten,7,10,70
The Summit,8,9,88.88888888888889,der Gipfel,9,13,69.23
The team,11,16,68.75,Die Mannschaft,9,9,100
Poet,10,17,58.82352941176471,Dichter,11,14,78.57142857142857
The housewarming party,9,14,64.28571428571429,die Einweihungsparty,8,10,80
scientist (female),8,11,72.72727272727273,Wissenschaftlerin,8,10,80
ice skates,9,11,81.81818181818183,schlittschuhe,8,11,72.72727272727273
cute,7,8,87.5,süßes,10,12,83.33333333333334
to get away,8,12,66.66666666666666,verreisen,9,14,64.28571428571429
the feathers,8,8,100,die Federn,8,10,80
The goat,10,16,62.5,die Ziege,9,13,69.23076923076923
The skin,8,11,72.72727272727273,die Haut,11,14,78.57142857142857
The pigglet,9,16,56.25,das Ferkel,9,12,75
The Hen,9,12,75,Das Huhn,8,9,88.88888888888889
to recommend,10,18,55.55555555555556,empfehlen,19,37,51.35135135135135
anyway,8,12,66.66666666666666,sowieso,10,11,90.9090909090909
the checking account,11,17,64.71,das Girokonto,10,13,76.92307692307693
to arrive,8,8,100,ankommen,8,11,72.72727272727273
to register,9,11,81.81818181818183,sich ... anmelden,12,22,54.55
with you,9,10,90,dabei,9,14,64.28571428571429
to turn in,9,10,90,abgeben,8,13,61.53846153846154
the toll,11,16,68.75,die Gebühr,9,13,69.23
the signature,8,10,80,die Unterschrift,9,10,90
the account number,10,14,71.43,die Kontonummer,11,11,100
the pin number,10,16,62.5,die Geheimzahl,10,14,71.43
to cash,9,11,81.82,einlösen,8,13,61.53846153846154
the check,11,16,68.75,der scheck,9,11,81.81818181818183
The Hours of Operation,9,11,81.81818181818183,die Öffnungszeiten,8,12,66.66666666666666
to deposit,8,10,80,einzahlen,8,11,72.72727272727273
to withdraw,14,23,60.87,abheben,13,25,52
missing/absent,9,11,81.81818181818183,fehlen,9,13,69.23076923076923
The directions,7,10,70,die Wegbeschreibung,9,12,75
The star,9,10,90,der stern,9,13,69.23076923076923
to follow,8,10,80,zu folgen,11,15,73.33333333333333
at least,9,14,64.28571428571429,mindestens,8,10,80
the goal,8,10,80,das Ziel,11,13,84.61538461538461
it is my goal,7,7,100,mein ziel ist es,9,12,75
fascinating,9,10,90,faszinierend,10,11,90.9090909090909
for what,9,13,69.23,Wofür,8,13,61.54
years ago,9,13,69.23076923076923,vor ... jahren,8,13,61.53846153846154
on what,9,12,75,Woran,18,35,51.42857142857142
about what,9,13,69.23076923076923,wovon,13,24,54.16666666666666
is about,12,23,52.17391304347826,handelt ... von,17,32,53.125
to apply,8,13,61.53846153846154,sich ... bewerben,7,11,63.64
Applied,14,30,46.66666666666666,haben sich beworben,8,13,61.54
to turn on,8,12,66.66666666666666,anmachen,8,10,80
the teenagers,9,11,81.82,Die Jugendlichen,8,12,66.67
tons of,9,11,81.81818181818183,tonnen von,10,11,90.9090909090909
the valley,9,14,64.28571428571429,das Tal,8,11,72.73
on the way,8,9,88.89,Unterwegs,10,13,76.92307692307693
gorgeous,8,13,61.53846153846154,prächtig,10,18,55.55555555555556
to decorate,8,10,80,schmücken,7,9,77.78
refreshing,10,16,62.5,erfrischend,8,9,88.89
to cool,7,9,77.78,kühlen,9,9,100
to cool down,8,11,72.72727272727273,abkühlen,8,10,80
all around,7,8,87.5,rundum,8,12,66.67
offered,20,41,48.78048780487805,haben ... angeboten,8,13,61.54
nearly,8,12,66.66666666666666,nahezu,7,9,77.78
numerous,10,19,52.63157894736842,zahlreich,13,22,59.09
the facility,19,37,51.35135135135135,die einrichtung,8,13,61.53846153846154
The kitchen things,8,8,100,Die Küchensachen,8,11,72.73
The Ad,8,10,80,Die Anzeige,8,12,66.66666666666666
The bowl,7,7,100,Die Schüssel,10,14,71.42857142857143
The shopping list,21,39,53.84615384615385,Der Einkaufszettel,9,12,75
stainless steel,11,17,64.70588235294117,Edelstahl,11,16,68.75
cereal,11,13,84.61538461538461,Frühstücksflocken,8,8,100
The Lady,9,11,81.81818181818183,Die Dame,8,9,88.88888888888889
the dishes,8,8,100,das Geschirr,9,13,69.23
the difference,8,11,72.72727272727273,der Unterschied,8,11,72.72727272727273
The bath towel,8,13,61.54,Das Badetuch,8,9,88.88888888888889
the cotton,9,9,100,die Baumwolle,9,11,81.81818181818183
wide,7,9,77.78,breit,7,9,77.78
therefore,8,10,80,darum,8,11,72.72727272727273
to include,8,9,88.88888888888889,enthalten,15,29,51.72413793103448
the sales tax,8,10,80,die Mehrwertsteuer,9,13,69.23076923076923
to decline,8,9,88.88888888888889,ablehnen,10,17,58.82352941176471
to put on makeup,8,12,66.66666666666666,sich schminken,10,17,58.82352941176471
the cutlery,8,9,88.88888888888889,das besteck,8,12,66.66666666666666
recently,9,9,100,kürzlich,8,12,66.67
future,10,19,52.63,zukünftiger,10,16,62.5
east,8,10,80,osten,8,8,100
The public,8,9,88.88888888888889,Die öffentlichen,11,18,61.11111111111112
transit,9,12,75,Verkehrsmittel,14,27,51.85185185185185
to get out,7,7,100,aussteigen,11,14,78.57142857142857
along,7,7,100,entlang,8,9,88.88888888888889
got out,8,13,61.53846153846154,bist ... ausgestiegen,8,12,66.66666666666666
TRUE,7,7,100,waht,10,15,66.66666666666666
fine,7,8,87.5,geldstrafe,9,12,75
to validate,10,14,71.42857142857143,Entwerten,13,23,56.52
diced,7,9,77.78,gewürfelt,9,11,81.81818181818183
to announce,7,7,100,ansagen,8,13,61.54
to experience,8,15,53.333333333333336,erleben,9,13,69.23076923076923
the event,17,33,51.51515151515152,Die Veranstaltung,16,29,55.172413793103445
to illuminate,7,10,70,beleuchten,8,13,61.53846153846154
various,9,14,64.28571428571429,verschiedene,8,11,72.72727272727273
spot on,9,14,64.28571428571429,goldrichtig,8,11,72.73
specialty stores,7,9,77.78,fachgeschäfte,14,25,56.00000000000001
I am lost,8,12,66.66666666666666,Ich habe mich verlaufen,8,11,72.73
keep the change,9,9,100,stimmt so,9,13,69.23076923076923
Through This,8,13,61.54,dadurch,11,13,84.61538461538461
the deposit,12,23,52.17391304347826,die anzahlung,8,13,61.54
to hide,8,12,66.66666666666666,ausblenden,8,12,66.67
The flat rate,9,14,64.29,die Pauschale,8,11,72.73
The remarks,12,23,52.17391304347826,die Anmerkungen,13,24,54.17
unexpected,11,21,52.38095238095239,unerwartet,8,12,66.66666666666666
to receive,10,18,55.55555555555556,erhalten,13,25,52
I declare that I agree,8,11,72.72727272727273,Ich erkläre mich einverstanden,8,13,61.53846153846154
in-laws,8,8,100,Schwiegereltern,8,8,100
mother in-law,7,7,100,Schwiegermutter,7,7,100
father in-law,8,10,80,Schwiegervater,8,8,100
they are visiting,8,10,80,sie sind zu besuch,8,9,88.89
what does that mean,7,11,63.64,was heißt das,8,13,61.53846153846154
once a year,7,8,87.5,einmal im jahr,9,9,100
the kitchen scale,9,13,69.23076923076923,Die Küchenwaage,8,10,80
to knead,8,10,80,kneten,10,15,66.66666666666666
to mix,8,10,80,vermischen,8,10,80
the filling,8,8,100,die Füllung,9,10,90
to cut,8,8,100,schneiden,9,11,81.81818181818183
this one,8,9,88.88888888888889,der hier,10,16,62.5
the cutting board,7,7,100,das schneidebrett,8,9,88.89
The ball,7,9,77.78,Die Kugel,9,11,81.81818181818183
fell,8,14,57.14,sind gefallen,9,11,81.81818181818183
the frog,7,7,100,der frosch,7,7,100
to promise,7,7,100,Versprechen,9,12,75
jumped,7,10,70,sind gesprungen,9,9,100
disgusting,10,10,100,ekelhaft,9,13,69.23076923076923
followed,9,13,69.23076923076923,sind gefolgt,10,12,83.33333333333334
threw,8,15,53.333333333333336,haben geworfen,8,11,72.73
against,8,8,100,gegen,9,16,56.25
turned (into),9,17,52.94117647058824,verwandelt,9,14,64.28571428571429
one of each,9,14,64.29,einer von jedem,8,9,88.88888888888889
what happened,8,12,66.66666666666666,Was ist geschehen,9,11,81.81818181818183
left,7,9,77.78,haben ... gelassen,7,9,77.78
possible,8,8,100,möglich,8,9,88.88888888888889
a moment,8,10,80,einen augenblick,8,11,72.72727272727273
adventure,7,7,100,abenteuer,7,9,77.78
relieved,7,9,77.78,erleichtert,8,12,66.66666666666666
I am in a hurry,9,14,64.29,ich habe es eilig,7,8,87.5
while,8,10,80,während,9,15,60
the airline,12,23,52.17391304347826,die Fluggesellschaft,9,10,90
dial,7,8,87.5,wählen,11,21,52.38095238095239
the message,9,15,60,die Nachricht,8,10,80
to leave behind,7,9,77.78,hinterlassen,8,12,66.66666666666666
on the line,8,11,72.72727272727273,dran,8,10,80
to answer,9,13,69.23076923076923,melden,11,21,52.38095238095239
to write down,8,13,61.54,notieren,8,8,100
the connection,10,19,52.63,die Verbindung,9,12,75
to reach,7,10,70,erreichen,8,13,61.53846153846154
what ... for,8,12,66.66666666666666,wonach,11,26,42.30769230769231
the attachment,15,30,50,der anhang,9,12,75
to submit,8,13,61.53846153846154,einreichen,9,18,50
Strengths,8,12,66.67,Stärken,7,10,70
the job interview,8,12,66.67,das Vorstellungsgespräch,8,11,72.72727272727273
to enter,7,10,70,betreten,8,9,88.88888888888889
on your own risk,8,13,61.53846153846154,auf eigene gefahr,9,14,64.28571428571429
to comply with,7,10,70,einhalten,12,23,52.17391304347826
to trust,7,8,87.5,trauen,9,11,81.81818181818183
her,7,7,100,ihr,3,2,150
him,8,8,100,ihn,9,10,90
to him/it,7,8,87.5,ihm,7,9,77.78
to us,8,8,100,uns,8,9,88.88888888888889
to you (plural),7,7,100,euch,9,14,64.28571428571429
to them,7,9,77.78,ihnen,9,11,81.81818181818183
to me,8,8,100,mir,8,8,100
to you,8,9,88.88888888888889,dir,8,8,100
to suffer,8,10,80,Leiden,11,16,68.75
are allowed to,7,10,70,dürfen,8,11,72.72727272727273
to quit,8,11,72.72727272727273,kündigen,10,15,66.66666666666666
to fire (someone),8,13,61.53846153846154,entlassen,8,12,66.66666666666666
successful,9,13,69.23,erfolgreich,9,16,56.25
excavator,7,9,77.78,bagger,8,9,88.88888888888889
Passionfruit,7,9,77.78,maracuja,9,15,60
testicle goblin,8,13,61.53846153846154,hodenkobold,8,8,100
The weather forecast,9,11,81.81818181818183,die Wettervorhersage,7,11,63.63636363636363
to download,7,10,70,herunterladen,8,10,80
total amount,8,12,66.66666666666666,Gesamtbetrag,10,15,66.66666666666666
amount/sum,7,9,77.78,betrag,9,18,50
crashed,8,13,61.53846153846154,ist ... abgestürzt,9,12,75
to attempt,8,13,61.53846153846154,versuchen,9,15,60
the bandage,8,9,88.88888888888889,Das Pflaster,9,14,64.28571428571429
to bleed,7,7,100,bluten,10,12,83.33333333333334
to injure,10,16,62.5,sich ... verletzen,8,11,72.72727272727273
the toe,9,11,81.81818181818183,Der Zeh,7,7,100
The emergency room,8,12,66.66666666666666,die Notaufnahme,10,12,83.33333333333334
can you do it,7,9,77.78,schaffst du das,8,10,80
to take off (clothes),9,14,64.28571428571429,sich ... ausziehen,9,14,64.28571428571429
to remove,10,17,58.82352941176471,abnehmen,8,13,61.53846153846154
favorite dish,9,9,100,Lieblingsgericht,10,12,83.33333333333334
to check,11,19,57.89473684210527,nachsehen,8,12,66.66666666666666
The wedding ring,8,12,66.66666666666666,der Ehering,8,10,80
the traffic light,7,11,63.64,die ampel,9,11,81.81818181818183
complained,8,9,88.88888888888889,sich ... bewschwert,8,11,72.72727272727273
dissapointed,7,9,77.78,enttäuscht,8,13,61.53846153846154
to translate,8,9,88.88888888888889,übersetzen,8,12,66.66666666666666
the spelling,8,12,66.66666666666666,die rechtschreibung,7,8,87.5
to pronounce,8,8,100,aussprechen,8,9,88.88888888888889
the performance,9,14,64.28571428571429,Die Leistung,8,12,66.66666666666666
awake,9,9,100,wach,8,9,88.88888888888889
to compare,8,10,80,vergleichen,9,14,64.28571428571429
the schedule,8,12,66.66666666666666,der Stundenplan,8,9,88.88888888888889
the announcement,7,8,87.5,die ansage,9,14,64.28571428571429
the passengers,7,7,100,die passagiere,8,9,88.89
to cover,7,7,100,zudecken,8,9,88.88888888888889
rare,8,8,100,selten,8,10,80
works out,8,9,88.88888888888889,klappt,8,11,72.72727272727273
the eagle,7,7,100,der Adler,8,9,88.88888888888889
the diversity,7,10,70,die Vielfalt,8,10,80
the lighthouse,8,10,80,der Leuchtturm,9,14,64.28571428571429
The fact,8,14,57.14285714285714,Die Tatsache,8,10,80
the novel,6,7,85.71428571428571,der roman,7,7,100
the nightmare,7,9,77.78,der Alptraum,8,9,88.88888888888889
they still have,10,19,52.63157894736842,es noch gibt,7,12,58.33
sharp (taste),6,8,75,würzigen,8,12,66.66666666666666
low-fat,7,9,77.77777777777779,fettarme,8,10,80
salted,7,9,77.77777777777779,gesalzene,9,10,90
not anywhere,9,13,69.23076923076923,nirgends,9,14,64.28571428571429
The exercise bike,7,11,63.63636363636363,der heimtrainer,8,12,66.66666666666666
to weigh,8,10,80,wiegen,10,19,52.63157894736842
valuable,6,9,66.66666666666666,wertvoll,10,13,76.92307692307693
to lift,6,9,66.66666666666666,heben,7,11,63.64
to keep,9,17,52.94117647058824,behalten,8,14,57.14
we did it,8,13,61.53846153846154,Wir haben es geschafft,9,14,64.28571428571429
to relax,10,19,52.63157894736842,sich ausruhen,9,13,69.23076923076923
it is worth it for you,6,7,85.71,es lohnt sich für Sie,9,16,56.25
the selection,7,11,63.63636363636363,die Auswahl,8,13,61.53846153846154
to take care of,7,9,77.77777777777779,sich kümmern um,8,10,80
to lose weight,7,9,77.77777777777779,abnehmen,11,16,68.75
to bark,6,6,100,bellen,7,8,87.5
look out for,6,8,75,achtet auf,8,12,66.66666666666666
behaved,7,12,58.333333333333336,verhalten,11,27,40.74074074074074
by the way,7,10,70,Übrigens,8,9,88.88888888888889
to save (money),7,8,87.5,sparen,8,10,80
on time,7,8,87.5,rechtzeitig,8,10,80
to make an effort,6,7,85.71,bemühen sich,14,23,60.86956521739131
polite,6,6,100,höflich,10,13,76.92307692307693
to posses,6,8,75,besitzen,10,19,52.63157894736842
either,8,8,100,entweder,8,11,72.72727272727273
compensation,7,11,63.63636363636363,entschädigung,9,17,52.94
to spend the night,7,7,100,ubernachten,8,12,66.66666666666666
to transfer,6,8,75,umsteigen,9,16,56.25
what bad luck,6,6,100,so ein pech,8,10,80
to show,6,9,66.66666666666666,zeigen,9,13,69.23076923076923
to look,6,9,66.66666666666666,schauen,8,10,80
look!,6,6,100,schau!,9,15,60
even though,7,10,70,obwohl,8,10,80
The Relationship,7,12,58.333333333333336,Das Verhältnis,8,12,66.67
brother-in-law,6,7,85.71428571428571,Schwager,7,7,100
sister-in-law,7,8,87.5,Schwägerin,10,11,90.9090909090909
fluent,6,7,85.71428571428571,fließend,8,9,88.88888888888889
arrival,9,11,81.81818181818183,ankunft,8,11,72.72727272727273
made of,8,14,57.14285714285714,ausbestehen,9,15,60
instead,6,6,100,stattdessen,9,17,52.94117647058824
the slice,6,9,66.66666666666666,die Scheibe,10,15,66.66666666666666
to enjoy,7,8,87.5,genießen,8,9,88.88888888888889
the debts,6,7,85.71428571428571,die schulden,9,11,81.81818181818183
my own,7,7,100,meine eigena,8,10,80
dependent,7,11,63.63636363636363,abhängig,8,10,80
constantly,7,11,63.63636363636363,ständig,7,9,77.77777777777779
to solve,7,8,87.5,lösen,8,13,61.53846153846154
due,6,6,100,fällig,8,10,80
to record,7,12,58.333333333333336,aufnehmen,8,13,61.53846153846154
to research,7,7,100,recherchieren,7,11,63.63636363636363
therefore,6,9,66.66666666666666,deswegen,7,10,70
to switch on,7,10,70,einschalten,8,13,61.53846153846154
armed,8,8,100,bewaffnet,8,9,88.88888888888889
the shark,6,6,100,der haifisch,8,8,100
to catch,6,7,85.71428571428571,fangen,7,9,77.77777777777779
caught,8,12,66.66666666666666,haben ... gefangen,9,12,75
unbelievable,7,7,100,unglaublich,8,10,80
to wish,6,6,100,wünschen,9,9,100
to beg,7,7,100,bitten,7,8,87.5
unprepared,7,8,87.5,unvorbereitet,6,6,100
to copy,6,7,85.71428571428571,abschreiben,9,12,75
to wish,7,8,87.5,erwischen,8,10,80
to mention,8,13,61.53846153846154,erwähnen,9,19,47.368421052631575
To answer,6,6,100,beantworten,8,10,80
Slip of Paper,6,6,100,zettel,7,7,100
to watch out,8,9,88.88888888888889,aufpassen,8,12,66.66666666666666
fault,6,6,100,schuld,8,9,88.88888888888889
the election,9,11,81.81818181818183,die wahl,8,8,100
sensitive,8,8,100,empfindlich,8,8,100
to govern,7,7,100,regieren,8,8,100
to form,7,7,100,bilden,8,8,100
to vote,6,6,100,stimmen,8,11,72.72727272727273
the majority,7,8,87.5,die mehrheit,6,7,85.71428571428571
the laws,6,6,100,die Gesetze,8,10,80
the tasks,6,6,100,die aufgaben,7,7,100
to look at/watch,7,7,100,anschauen,8,14,57.14285714285714
randomly,6,6,100,zufällig,6,6,100
the TV show,6,6,100,Die fernsehserie,6,6,100
the violence,6,6,100,Die gewalt,8,10,80
to trust,7,7,100,vertrauen,6,6,100
convinced,6,6,100,haben ... überzeugt,8,13,61.53846153846154
the society,6,6,100,Die gesellschaft,9,12,75
the news coverage,6,6,100,Die reportage,6,7,85.71428571428571
The Jobs,9,9,100,die Arbeitsplätze,8,10,80
The unemployed,7,7,100,Die Arbeitslose,8,10,80
The government,7,7,100,Die Regierung,6,6,100
To distribute,7,7,100,verteilen,8,12,66.66666666666666
The homeless,6,6,100,Die obdachlosen,6,6,100
The donation,6,6,100,Die Spende,8,11,72.72727272727273
The damage,7,8,87.5,Die Schaden,6,7,85.71428571428571
The flooding,6,6,100,die Überschwemmung,7,7,100
Flooded,6,6,100,Überschweemmt,8,8,100
The volunteer,9,9,100,der Freiwillige,6,7,85.71428571428571
to cause,7,8,87.5,verusachen,8,11,72.72727272727273
to promote,6,7,85.71428571428571,fördern,8,12,66.66666666666666
to alter,9,11,81.81818181818183,ändern,6,6,100
the club,8,10,80,der verein,7,9,77.77777777777779
to lead,6,6,100,führen,8,8,100
to score,7,9,77.77777777777779,schießen,8,13,61.53846153846154
cheered,6,6,100,bejubelt,8,9,88.88888888888889
the translator,6,6,100,der Übersetzer,6,8,75
the job,7,9,77.77777777777779,die arbeitsstelle,8,10,80
the contract,7,7,100,der Vertrag,6,8,75
the immigration office,6,6,100,die Ausländerbehörde,6,7,85.71428571428571
the work permit,7,8,87.5,die Arbeitserlaubnis,7,7,100
single,6,6,100,ledig,7,7,100
the marital status,6,9,66.66666666666666,der Familienstand,6,7,85.71428571428571
the employer,6,6,100,der Arbeitgeber,8,9,88.88888888888889
The Nationality,7,10,70,die Staatsangehörigkeit,7,8,87.5
part time,10,10,100,teilzeit,8,9,88.88888888888889
to check off,7,9,77.77777777777779,ankruezen,8,9,88.88888888888889
incredible,6,6,100,wahnsinnig,8,13,61.53846153846154
to verify,6,6,100,überprüfen,7,9,77.77777777777779
arrived,6,6,100,sind angekommen,9,9,100
used,7,7,100,gebraucht,8,11,72.72727272727273
broke,6,6,100,geputtgegangen,9,11,81.81818181818183
lonely,7,8,87.5,einsam,8,8,100
since then,7,8,87.5,seitdem,7,7,100
pregnant,6,6,100,schwanger,7,7,100
homesick,8,8,100,heimweh,8,9,88.88888888888889
The graduation,7,8,87.5,der Abschluss,8,10,80
to see again,7,7,100,um wiederzusehen,8,8,100
to recognize,6,7,85.71428571428571,erkennen,6,6,100
as well,6,6,100,ebenso,8,9,88.88888888888889
while,6,6,100,während,7,7,100
The Flight Attendent,6,6,100,der Flugbegleiter,7,10,70
to teach,7,7,100,unterrichten,6,7,85.71428571428571
possibility,7,7,100,Möglichkeit,8,17,47.05882352941176
take care,6,8,75,mach's gut,7,9,77.77777777777779
the details,6,8,75,die Einzelheiten,7,9,77.77777777777779
the sword,6,6,100,das Schwert,7,7,100
The knight,7,7,100,Der Ritter,7,7,100
to flee,6,7,85.71428571428571,fliehen,7,9,77.77777777777779
the monastery,6,6,100,das Kloster,7,7,100
lent,6,7,85.71428571428571,geliehen,6,7,85.71428571428571
stopover,6,9,66.66666666666666,aufenthalt,7,11,63.63636363636363
booked,6,6,100,gebucht,7,7,100
to iron,6,6,100,Bügeln,7,8,87.5
up to the room,6,6,100,aufs zimmer,6,7,85.71428571428571
Roman,6,6,100,römisch,8,8,100
The meeting place,6,7,85.71428571428571,Der Treffpunkt,7,8,87.5
completed,6,7,85.71428571428571,fertiggestellt,6,7,85.71428571428571
destroyed,6,7,85.71428571428571,zerstört,7,9,77.77777777777779
the war,7,7,100,der Krieg,8,8,100
To flow,6,6,100,Fließen,6,7,85.71428571428571
direction,7,7,100,richtung,8,10,80
the beak,6,8,75,Der Schnabel,6,6,100
to seem,8,8,100,scheinen,8,10,80
to hunt,6,6,100,jagen,7,8,87.5
the scales,6,8,75,die Schuppen,7,12,58.333333333333336
the tongue,7,7,100,die Zunge,8,12,66.66666666666666
venomous,6,6,100,giftig,6,9,66.66666666666666
the antennae,6,7,85.71428571428571,die Fühler,8,18,44.44444444444444
robbed,6,8,75,überfallen,7,8,87.5
hit,7,11,63.63636363636363,angefahren,7,9,77.77777777777779
to write down,6,7,85.71428571428571,aufschreiben,7,9,77.77777777777779
The Theft,6,7,85.71428571428571,Der Diebstahl,6,6,100
The Report,7,9,77.77777777777779,der bericht,6,7,85.71428571428571
suspicious,6,7,85.71428571428571,verdächtig,8,15,53.333333333333336
the perpetrator,6,6,100,der täter,6,6,100
The witness,7,12,58.333333333333336,Der Zeugen,9,10,90
looked,6,7,85.71428571428571,ausgesehen,7,8,87.5
to go up,7,11,63.63636363636363,hochgehen,7,8,87.5
the usher,6,7,85.71428571428571,der platzanweiser,6,6,100
The coat check,6,6,100,Die garderobe,7,7,100
The performance,6,7,85.71428571428571,Die Leistung,6,6,100
The wizard,7,7,100,Der Zauberer,7,8,87.5
Hide and Seek,6,7,85.71428571428571,Verstecken,6,7,85.71428571428571
to transform,6,7,85.71428571428571,verwandeln,6,8,75
to fight,6,7,85.71428571428571,kämpfen,8,8,100
to roar,6,7,85.71428571428571,brüllen,6,6,100
to bite,6,6,100,beißen,6,8,75
to be afraid,6,7,85.71428571428571,fürchten,6,8,75
confirmed,6,7,85.71428571428571,zugesagt,6,7,85.71428571428571
divorced,6,8,75,geschieden,6,9,66.66666666666666
the judge,6,6,100,der richter,6,6,100
secretly,6,6,100,heimlich,6,7,85.71428571428571
to continue reading,6,6,100,weiterlesen,6,8,75
the hood,6,8,75,die kappe,6,6,100
baked,6,7,85.71428571428571,backte,6,6,100
sent/ordered,6,7,85.71428571428571,schickte,6,8,75
fetched,6,7,85.71428571428571,holte,6,9,66.66666666666666
knocked,6,6,100,geklopft,6,6,100
could,6,8,75,könnte,6,7,85.71428571428571
trip around the world,6,7,85.71428571428571,weltreise,6,7,85.71428571428571
reluctantly, 0, 0, 0, ungern, 0, 0, 0
to scratch, 0, 0, 0, kratzen, 0, 0, 0
itself, 0, 0, 0, selbst, 0, 0, 0
the body, 0, 0, 0, der körper, 0, 0, 0
the sign, 0, 0, 0, das zeichen, 0, 0, 0
The coucil, 0 , 0, 0, der Rat, 0, 0, 0
the hero, 0, 0, 0, der Held, 0, 0, 0
to work hard, 0, 0, 0, hart zu arbeiten, 0, 0, 0
the assignment, 0, 0, 0, der auftrag, 0, 0, 0
to rescue, 0, 0, 0, retten, 0, 0, 0
to nod, 0, 0, 0, nicken, 0, 0, 0
strange, 0, 0, 0, seltsam, 0, 0, 0