he must,20,25,80,er muss,10,12,83
much,20,23,87,viel,11,13,85
often,17,18,94,oft,11,11,100
waitress,18,20,90,Kellnerin,14,16,88
until,16,18,89,bis,10,12,83
he needs,15,19,79,er braucht,13,17,76
the parents,17,20,85,die eltern,10,11,91
less,17,19,89,wenigar,10,11,91
Rent,19,24,79,Mieten,10,11,91
perhaps,14,18,78,vielleicht,12,13,92
difficult,16,20,80,schwer,10,11,91
your,15,16,94,dein,10,10,100
prefer,17,18,94,lieber,21,35,60
permitted,16,20,80,erlaubt,12,18,67
sometimes,18,19,95,manchmal,10,10,100
the chair,18,25,72,der stuhl,13,13,100
the desk,18,23,78,der Schreibtisch,12,12,100
the closet,21,27,78,der Schrank,11,11,100
very,19,19,100,sehr,11,11,100
track,19,25,76,gleis,10,10,100
the train,10,10,100,der zug,11,11,100
the lawyer,12,16,75,der anwalt,12,12,100
rich,12,15,80,reich,9,10,90
to run,10,12,83,laufen,11,14,79
teacher (female),12,12,100,lehrerin,10,13,77
the lamp,11,11,100,die lampe,10,11,91
later,12,12,100,später,11,11,100
loud,12,12,100,laut,10,10,100
the carpet,7,7,100,der teppich,12,13,92
bright,10,11,91,hell,9,12,75
is raining,8,10,80,regnet,10,10,100
the bedroom,12,13,92,das schlafzimmer,11,11,100
dark,8,9,89,dunkel,12,12,100
to study,21,29,72,studieren,11,12,92
the theater,12,14,86,das kino,11,12,92
fast,12,15,80,schnell,10,10,100
Ugly,8,9,89,hässlich,10,10,100
now,10,11,91,jetzt,8,8,100
how,12,14,86,wie,12,12,100
really,11,13,85,wirklich,8,8,100
the bed,11,12,92,das bett,10,10,100
friends,11,12,92,freunde,12,19,63
cheap,9,9,100,billig,11,11,100
the pet,12,14,86,das haustier,11,12,92
nearby,11,11,100,in der Nähe,15,20,75
every,9,9,100,jeden,11,13,85
teacher (male),8,8,100,lehrer,11,15,73
the table,11,12,92,der tisch,8,8,100
expensive,7,7,100,teuer,7,9,78
comfortable,7,7,100,bequem,13,16,81
the bookcase,24,36,67,das Bücherregal,12,16,75
fully furnished,7,7,100,voll möbliert,11,13,85
you like,10,12,83,du magst,9,12,75
to sleep,16,23,70,schlafen,13,16,81
the couch,10,10,100,die couch,11,11,100
costs,8,8,100,kostet,12,12,100
you're welcome,11,11,100,gern geschehen,10,11,91
over there,10,10,100,da drüben,10,10,100
I cook,12,13,92,ich koche,12,13,92
left,10,10,100,links,12,12,100
why,10,10,100,warum,12,14,86
city,10,10,100,stadt,13,13,100
far away,10,10,100,weit weg,12,13,92
you Need,11,14,79,du brauchst,14,18,78
The apartment,7,7,100,die wohnung,10,11,91
right,9,9,100,rechts,10,12,83
when,8,10,80,wann,12,13,92
clean,12,13,92,sauber,11,12,92
who,9,9,100,wer,10,10,100
he sees,10,12,83,er sieht,12,13,92
vacation,10,12,83,urlaub,10,12,83
i like,12,15,80,ich mag,13,18,72
roommate,9,9,100,mitbewohner,11,11,100
today,11,11,100,heute,13,13,100
windy,9,10,90,windig,9,9,100
smart,10,10,100,klug,11,11,100
the umbrella,26,42,62,Der Regenschirm,13,13,100
fall,8,8,100,herbst,7,7,100
bad,10,10,100,schlecht,11,12,92
cloudy,10,10,100,bewölkt,10,13,77
beautiful,9,9,100,schön,8,8,100
scarf,9,9,100,Schal,12,13,92
is snowing,8,8,100,schneit,13,17,76
what is your name,15,21,71,Wie heißen Sie,10,12,83
doctor,9,9,100,Artz,10,11,91
the water bottle,8,10,80,die wasserflasche,21,31,68
foggy,10,13,77,neblig,10,13,77
to hike,9,9,100,wandern,11,12,92
hot,8,9,89,heiß,10,11,91
spring,10,10,100,Frühling,10,10,100
sister,9,9,100,schwester,10,10,100
my husband,8,8,100,mein mann,13,13,100
my wife,11,11,100,meine Frau,10,10,100
delicious,11,11,100,lecker,10,14,71
see you soon,11,11,100,bis bald,10,13,77
how are you,10,11,91,wie geht's,20,33,61
no problem,7,9,78,kein problem,11,11,100
see you later,9,10,90,bis spater,14,17,82
I'm sorry,10,10,100,Es tut mir leid,11,12,92
always,9,9,100,immer,11,11,100
the food,12,12,100,das essen,13,13,100
also,11,13,85,auch,14,19,74
daughter,9,9,100,tochter,12,12,100
grandmother,9,9,100,oma,9,9,100
aunt,8,8,100,tante,11,11,100
girlfriend,11,12,92,freundin,12,14,86
nice,9,9,100,nett,11,11,100
where,12,14,86,wo,9,11,82
the snail,12,13,92,die Schnecke,10,10,100
the owl,9,10,90,die Eule,10,11,91
actor,11,12,92,Schauspieler,11,12,92
egg,7,8,88,ei,7,7,100
exciting,12,15,80,aufregend,13,17,76
stressful,10,10,100,stressig,13,14,93
college student,11,15,73,studentin,11,17,65
profession,9,11,82,Beruf,18,25,72
you paint,13,15,87,malst,10,10,100
to paint,8,10,80,malen,16,23,70
department store,19,25,76,kaufhaus,12,12,100
red,9,10,90,rote,12,12,100
no idea,10,13,77,keine ahnung,12,13,92
student (male),18,32,56,Schüler,15,23,65
our,12,16,75,unserer,10,13,77
school,18,24,75,schule,14,19,74
languages,7,8,88,Sprachen,13,20,65
he speaks,15,19,79,er spricht,11,11,100
shoes,10,10,100,Schuhe,16,24,67
question,13,14,93,frage,10,12,83
TV,12,16,75,Fernseher,11,12,92
to order,8,8,100,bestellen,18,26,69
he takes,10,10,100,er nimmt,10,12,83
to take,9,9,100,nehmen,11,13,85
his,12,15,80,seine,10,11,91
to drive,11,11,100,fahren,17,24,71
he drives,7,8,88,er fährt,21,32,66
come on,12,13,92,los,18,26,69
again,10,10,100,wieder,12,13,92
The vegetarian,18,24,75,Der Vegetarier,14,18,78
The menu,11,14,79,die Speisekarte,13,17,76
The chicken,13,17,76,Das Hähnchen,10,10,100
boy,10,11,91,junge,11,12,92
The Bear,11,14,79,der bär,10,11,91
he plays,11,13,85,er spielt,14,17,82
he eats breakfast,13,15,87,er frühstückt,17,26,65
to jog,10,11,91,joggen,13,14,93
The Artist,16,22,73,Der Künstler,10,12,83
like to,22,34,65,gern,32,63,51
take photos,12,17,71,fotografiert,10,13,77
weekend,13,15,87,Wochenende,13,14,93
chess,11,13,85,Schach,18,24,75
what are you doing,12,13,92,was machst du,25,41,61
saturday,10,11,91,samstag,11,11,100
sunday,12,16,75,sonntag,11,13,85
i look forward to it,10,10,100,Ich freue mich,14,22,64
too bad,18,29,62,Schade,14,17,82
The Admission ticket,12,16,75,Die Eintrittskarte,10,13,77
eight,10,10,100,acht,10,11,91
seven,11,11,100,sieben,10,10,100
her cat,11,14,79,ihre katze,10,11,91
easy,12,13,92,einfach,10,11,91
case,8,10,80,fall,13,19,68
only,10,10,100,nur,12,12,100
which,21,29,72,welche,16,19,84
he searches,10,12,83,er sucht,13,17,76
the shirt,11,11,100,das Hemd,10,10,100
to search,14,19,74,suchen,14,19,74
clothes,9,10,90,kleidung,13,14,93
dress,11,12,92,kleid,10,12,83
the suit jacket,12,14,86,das sakko,10,12,83
tuesday,12,13,92,dienstag,11,11,100
that's good,11,13,85,das geht,12,18,67
a little,12,12,100,ein bisschen,10,10,100
what is it like in,14,17,82,wie ist es in,12,19,63
mother language,14,20,70,Muttersprache,10,13,77
many,10,12,83,viele,10,13,77
Birthday,11,13,85,Geburtstag,13,13,100
to travel,12,15,80,reisen,17,26,65
still,14,19,74,noch,27,41,66
to know,14,18,78,kennen,14,19,74
student (female),16,22,73,Schülerin,12,13,92
too late,11,12,92,zu spät,12,16,75
in the back,28,40,70,ist hinten,12,13,92
the meat,13,16,81,das Fleisch,11,12,92
I eat,12,12,100,ich esse,14,17,82
the ice cream,12,14,86,das eis,10,11,91
the sugar,12,13,92,der zucker,12,12,100
without,11,11,100,ohne,10,10,100
the dessert,24,37,65,das nachtisch,11,11,100
fruit,11,12,92,obst,11,11,100
The Strawberry,10,11,91,Die Erdbeere,10,11,91
sweet,13,15,87,süß,12,12,100
to pay,14,18,78,zahlen,12,15,80
together,13,13,100,zusammen,10,10,100
separately,13,15,87,getrennt,12,14,86
cash,9,11,82,bar,11,13,85
The Church,11,12,92,Die Kirche,11,11,100
where from,10,11,91,woher,15,25,60
piano,11,12,92,Klavier,11,15,73
the game,26,36,72,das spiel,13,14,93
look,23,36,64,sieh mal,12,19,63
same,22,34,65,gleichen,18,27,67
what do i do,9,12,75,was mach ich,13,18,72
airport,11,12,92,flughafen,10,11,91
counter,12,14,86,schalter,14,16,88
years,13,13,100,jarhre,13,19,68
he gives,13,13,100,gibt,14,22,64
The Bag,10,10,100,Die Tüte,11,14,79
favorite color,10,13,77,Lieblingsfarbe,10,12,83
funny,11,12,92,lustig,15,20,75
Birthday Present,11,11,100,Geburtstagsgeschenk,15,20,75
class,10,13,77,kurs,11,14,79
The door,10,11,91,die Tür,10,11,91
do not leave,11,14,79,geh nicht weg,16,31,52
Fun,11,14,79,Spaß,13,17,76
do not be scared,11,15,73,Hab keine Angst,11,12,92
actually,15,20,75,eigentlich,18,29,62
us,11,12,92,uns,16,19,84
spring,9,9,100,Frühling,14,15,93
The Bathroom,11,11,100,Das Badezimmer,10,13,77
The River,10,10,100,Der Fluss,11,12,92
to visit,10,10,100,besuchen,11,17,65
city center,9,9,100,Stadtzentrum,12,12,100
to see,11,11,100,sehen,11,13,85
to the,13,16,81,zur,10,11,91
about,11,13,85,circa,11,14,79
straight ahead,11,12,92,geradeaus,10,11,91
then,13,13,100,dann,14,15,93
third,13,14,93,dritten,12,15,80
may,11,12,92,mai,13,13,100
fourth,12,12,100,vierten,11,14,79
second,10,11,91,zweiten,13,14,93
july,12,12,100,juli,11,11,100
the bus stop,14,21,67,Die Bushaltestelle,12,14,86
wait,11,11,100,warten sie,11,14,79
lasts,10,11,91,dauert,19,30,63
the taxi ride,12,15,80,die taxirahrt,11,12,92
The invitation,11,14,79,Die Einladung,12,18,67
definitely,12,16,75,auf jeden Fall,13,15,87
something,15,23,65,etwas,11,14,79
to hear,13,17,76,hören,11,14,79
the livingroom,12,16,75,das Wohnzimmer,10,10,100
to leave,12,18,67,verlassen,21,31,68
parrot,10,10,100,Papagei,11,11,100
the dinner,11,11,100,das Abendessen,9,12,75
the bottle,12,15,80,die flasche,12,14,86
whole,11,11,100,ganze,15,21,71
exercises,14,16,88,macht Sport,18,31,58
to want,12,15,80,wollen,12,13,92
i want,13,13,100,ich will,11,11,100
you want,13,13,100,du willst,10,10,100
we want,15,17,88,wir wollen,12,15,80
he wants,19,19,100,er will,11,11,100
the store,12,14,86,der laden,17,24,71
to fetch,11,14,79,holen,19,28,68
the key,22,25,88,der Schlüssel,11,11,100
floor,10,13,77,stock,15,17,88
to reside,23,36,64,wohnen,13,17,76
you can do it,14,17,82,du kannst das,11,11,100
tired,13,17,76,müde,10,11,91
to visit,19,19,100,besuchen,16,21,76
boring,16,20,80,langweilig,14,18,78
outside,14,16,88,draußen,16,21,76
already,22,28,79,schon,22,32,69
sad,11,12,92,traurig,13,17,76
at what time,14,16,88,um wie viel Uhr,11,11,100
next,15,16,94,nächste,21,27,78
week,14,16,88,woche,13,16,81
repeat,15,18,83,Wiederholen Sie,10,12,83
The Gift,18,24,75,das geschenk,13,15,87
to celebrate,12,14,86,feiern,15,20,75
can you (plural),20,27,74,könnt ihr,13,16,81
are you coming (plural),11,14,79,kommt ihr,15,20,75
where are you from,17,18,94,woher kommst du,11,12,92
to meet,13,15,87,treffen,15,18,83
headache,16,16,100,Kopfschmerzen,11,12,92
to forget,14,16,88,vergessen,17,22,77
because,17,17,100,denn,15,19,79
auto repair shop,13,16,81,Werkstat,14,17,82
angry,14,18,78,verärgert,20,28,71
the cell phone,16,16,100,das handy,15,16,94
more,15,15,100,mehr,17,17,100
sick,11,11,100,krank,16,16,100
at night,14,15,93,nachts,14,16,88
months,16,19,84,monate,13,16,81
history,15,18,83,Geschichte,15,18,83
goes for a walk,12,17,71,geht spazieren,18,24,75
next to,11,13,85,neben,15,19,79
to clean,14,15,93,putzen,12,13,92
window,14,18,78,fenster,13,14,93
hours,16,19,84,Stunden,18,26,69
done,13,13,100,fertig,14,19,74
almost,16,17,94,fast,12,15,80
The Appointment,13,16,81,Der Termin,15,21,71
The painting,14,15,93,Das Bild,16,17,94
green,14,14,100,grüne,13,15,87
hair,12,12,100,Haare,12,18,67
head,13,13,100,kopf,16,18,89
the eyes,13,17,76,Die augen,13,16,81
through,20,29,69,durch,14,14,100
the forest,15,17,88,der wald,14,16,88
The witch,16,17,94,Die Hexe,14,14,100
stomachache,16,16,100,Bauchschmerzen,14,14,100
to remain,18,18,100,bleiben,22,31,71
wednesday,17,20,85,mittwoch,18,18,100
the plan,17,17,100,der plan,16,16,100
the plans,14,15,93,Die Pläne,17,19,89
unfortunately,15,15,100,leider,14,15,93
happy,17,21,81,glücklich,18,25,72
feel better,12,14,86,gute Besserung,13,17,76
friendly,16,18,89,freundlich,14,14,100
to live,17,19,89,leben,13,17,76
popular,20,27,74,beliebt,15,19,79
homework,15,19,79,Hausaufgaben,14,17,82
is fun,16,16,100,macht spaß,22,33,67
surprising,25,39,64,überraschend,19,31,61
them,13,16,81,ihnen,15,21,71
me too,18,19,95,ich auch,12,13,92
forehead,13,14,93,Stirn,19,24,79
earache,11,13,85,Ohrenschmerzen,12,14,86
to examine,13,13,100,untersuchen,21,34,62
ear,15,15,100,ohr,16,20,80
hurts,16,16,100,tut weh,16,17,94
alright,16,16,100,in Ordnung,16,16,100
to carry/wear,12,14,86,tragen,20,36,56
there is,16,17,94,es gibt,19,26,73
Ferris Wheel,17,22,77,Riesenrad,15,19,79
The People,12,14,86,Die Leute,14,16,88
The Fries,14,14,100,die pommes,15,19,79
are you (plural),12,14,86,seid ihr,13,19,68
early,14,14,100,früh,16,17,94
quarter to,17,17,100,Viertel vor,14,18,78
toothache,18,18,100,Zahnschmerzen,14,16,88
everywhere,11,11,100,überall,14,20,70
pink,12,12,100,rosa,14,14,100
co-workers,17,19,89,Arbeitskollegen,20,28,71
half,14,14,100,halb,21,27,78
to depart,14,15,93,abfahren,14,19,74
battery,17,18,94,Akku,16,19,84
on time,14,14,100,pünktlich,17,20,85
sweetheart,15,18,83,Schatz,14,15,93
to be right,15,16,94,stimmen,14,17,82
nice to meet you,18,19,95,Freut mich,19,25,76
at/with,17,17,100,bei,15,20,75
the adult,13,15,87,der Erwachsene,16,21,76
well done,19,26,73,Gut gemacht,17,20,85
to believe,13,15,87,glauben,14,16,88
never,16,16,100,nie,17,22,77
once a,17,19,89,einmal pro,14,18,78
Shared apartment,19,20,95,Wohngemeinschaft,15,19,79
the shelf,18,22,82,das Regal,15,19,79
the microwave,19,20,95,das Mikrowelle,15,18,83
the refrigerator,19,22,86,der Kühlschrank,15,15,100
the garden,14,15,93,der garten,14,15,93
alone,18,20,90,allein,15,17,88
apartment building,16,16,100,Mehrfamilienhaus,17,20,85
in the,17,20,85,im,17,21,81
currently,17,17,100,zurzeit,14,16,88
stairs,20,20,100,Treppe,15,20,75
dangerous,20,31,65,gefährlich,14,21,67
if,8,10,80,wenn,10,16,63
to be crazy,7,8,88,spinnen,12,19,63
to draw,7,7,100,zeichnen,9,12,75
finally,7,8,88,endlich,10,12,83
stuff,7,7,100,sachen,22,36,61
pretty,7,8,88,hübsch,7,9,78
better,7,7,100,besser,7,7,100
quiet,8,9,89,ruhig,7,10,70
flour,8,10,80,mehl,9,11,82
the neighbor (female),7,8,88,die Nachbarin,7,7,100
the neighbor (male),7,7,100,der Nachbar,12,19,63
silent,11,17,65,leise,16,28,57
the cup,7,8,88,die tasse,9,11,82
The office,7,8,88,das Büro,8,9,89
the boss,7,7,100,der chef,8,10,80
ham,8,10,80,Schinken,13,21,62
dining room,7,8,88,Esszimmer,11,17,65
The bedspread,9,10,90,die Bettdecke,8,8,100
the plant,7,8,88,Die Pflanze,8,10,80
soft,9,9,100,weich,11,16,69
the pillow,7,7,100,das Kopfkissen,9,10,90
to grow,9,13,69,wachsen,7,9,78
to cancel,11,18,61,stornieren,9,12,75
to hope,8,8,100,hoffen,10,10,100
her dog,10,14,71,ihr hund,7,7,100
his cat,7,7,100,seine katze,9,10,90
his dog,8,9,89,sein hund,8,10,80
your dog,7,8,88,dein hund,8,12,67
your beer,9,10,90,dein bier,7,10,70
your cat,7,8,88,deine katze,10,15,67
What time is it,9,12,75,Wie spät ist es?,8,9,89
short,7,7,100,kurz,8,8,100
should,8,9,89,shollen,10,15,67
at your place,8,11,73,bei dir,14,25,56
annoying,9,12,75,ärgerlich,7,9,78
courage,8,9,89,Mut,19,37,51
to feel,7,9,78,fühlen,10,16,63
goes away,7,7,100,geht weg,13,19,68
the dough,12,17,71,der teig,7,8,88
not yet,9,10,90,noch nicht,8,10,80
Important,13,22,59,Wichtig,10,13,77
to be late,10,15,67,zu spät kommen,12,17,71
The Exam,12,20,60,Die Prüfung,8,12,67
enough,12,17,71,genug,8,10,80
soon,8,9,89,bald,8,8,100
to pass,9,13,69,bestehen,9,13,69
what are you doing now,7,10,70,Was machst du gerade,8,9,89
are you alright,13,23,57,geht es dir gut,11,18,61
immediately,7,10,70,sofort,13,22,59
to shop,7,8,88,Einkaufen,8,12,67
let's go,12,19,63,lass uns gehen,8,10,80
in order to,7,10,70,damit,14,26,54
sizes,17,29,59,Größen,7,10,70
emergency,12,18,67,notfälle,7,9,78
towel,12,17,71,Handtuch,8,11,73
whom,9,9,100,wem,10,10,100
than me,7,7,100,als ich,14,23,61
probably,20,33,61,wahrscheinlich,8,12,67
to water,7,8,88,gießen,14,25,56
was,8,8,100,war,8,8,100
quite,12,19,63,ziemlich,22,41,54
The Promotion,16,26,62,Die Beförderung,9,14,64
awful,7,9,78,furchtbar,7,9,78
the joke,7,8,88,der witz,8,8,100
looks nice,10,15,67,sieht nett aus,7,9,78
certain,7,9,78,sicher,11,16,69
the glasses,7,9,78,die brille,7,7,100
the song,12,17,71,das leid,8,8,100
to remind,8,11,73,erinnern,12,22,55
it is,17,29,59,ich bin es,8,11,73
next time,8,8,100,nächstes Mal,8,8,100
last,11,15,73,letzte,8,8,100
name is,7,8,88,heiße,15,26,58
the armchair,8,11,73,der Sessel,9,13,69
broken,7,7,100,kaputt,7,7,100
the shower,8,8,100,die Dusche,8,8,100
content,8,10,80,zurfreiden,8,11,73
civil servant,7,7,100,Beamter,8,8,100
siblings,7,10,70,Geschwister,9,13,69
the turtle,7,8,88,die Schildkröte,7,7,100
well-behaved,8,9,89,brav,7,9,78
granddaughter,7,7,100,Enkelin,7,11,64
grandson,8,10,80,Enkel,9,12,75
unemployed,7,7,100,arbeitslos,8,9,89
the village,7,7,100,das dorf,8,12,67
the mustard,10,14,71,der senf,8,9,89
spicy,7,8,88,scharf,8,9,89
to get,8,9,89,bekommen,8,9,89
spinach,7,8,88,spinat,8,8,100
cookies,8,8,100,kekse,8,10,80
the holiday,7,8,88,der Feiertag,10,14,71
the stores,15,23,65,die Geschäfte,12,19,63
closed,13,24,54,geschlossen,7,11,64
the relatives,14,21,67,die Verwandten,8,12,67
to work,7,7,100,arbeiten,9,9,100
the hour,14,18,78,die stunde,7,7,100
closes,10,15,67,schließt,8,13,62
the id card,13,20,65,der ausweis,7,8,88
the drinks,8,10,80,die Getränke,8,8,100
the suitcase,7,9,78,der Koffer,9,9,100
the pen,7,8,88,der kugelschreiber,8,9,89
to sign,7,7,100,unterschreiben,7,9,78
the form,10,14,71,das formular,7,7,100
the dictionary,13,21,62,das Wörterbuch,8,8,100
is delayed,11,17,65,Verspätung,19,36,53
just in case,14,22,64,für den fall des falles,8,10,80
first name,7,7,100,Vorname,7,8,88
the resume,17,29,59,der Lebenslauf,10,15,67
the last name,10,15,67,Der Nachname,9,9,100
The Driver's License,7,9,78,Der Führerschein,11,18,61
to motivate,7,7,100,motivieren,15,22,68
the break,7,8,88,die pause,7,7,100
to smoke,7,9,78,rauchen,8,11,73
the end of the workday,10,13,77,der Feierabend,14,26,54
the bicycle,7,8,88,das fahrrad,11,18,61
wet,9,12,75,nass,7,9,78
The gym shoe,8,8,100,die Turnschuhe,15,25,60
than,7,7,100,als,7,8,88
midnight,7,9,78,Mitternacht,7,7,100
the month,12,18,67,der Monat,8,8,100
the day,7,7,100,der Tag,7,7,100
the year,7,8,88,das Jahr,7,7,100
the weekend,7,9,78,das Wochenende,8,8,100
the week,7,9,78,die Woche,7,8,88
the cucumber,9,10,90,die gurke,8,9,89
the health food store,16,27,59,der bioladen,7,7,100
shortly,7,8,88,gleich,12,20,60
the butcher shop,7,9,78,die Metzgerei,10,15,67
the pastry shop,7,8,88,die konditorei,7,8,88
the receipt,12,22,55,der Kassenzettel,7,7,100
have a nice day,11,18,61,einen schönen Tag noch,8,8,100
the bag,7,7,100,die Tüte,7,9,78
I do not care,14,22,64,das ist mir egal,12,19,63
empty,7,8,88,leer,9,13,69
someone,13,20,65,jemand,7,8,88
Happy Birthday,9,12,75,Alles Gute zum Geburtstag,8,8,100
the horse,7,7,100,das Pferd,7,7,100
very likely,7,10,70,ganz bestimmt,13,24,54
salty,9,9,100,salzig,7,7,100
the birthday card,8,10,80,die Geburtstagskarte,8,8,100
whom,10,16,63,wen,8,14,57
earlier,8,11,73,früher,7,8,88
first,10,13,77,zuerst,7,7,100
messy,10,15,67,unordentlich,8,8,100
the groceries,17,31,55,die Lebensmittel,10,15,67
lazy,8,9,89,faul,9,10,90
rude,21,40,53,unhöflich,7,10,70
helpful,7,8,88,hilfreich,8,8,100
the chores,14,23,61,die Hausarbeit,7,9,78
tidy,7,9,78,ordentlich,8,10,80
to fly,7,8,88,fliegen,7,7,100
sleep in,7,9,78,ausschlafen,9,16,56
niece,7,7,100,nichte,7,9,78
the luggage,12,20,60,das Gepäck,8,11,73
the departure,7,8,88,der abflug,9,15,60
have a good trip,7,7,100,gute Reise,10,16,63
exercise,7,9,78,Übung,14,25,56
Charger,13,22,59,Ladegerät,7,9,78
Outlet,15,25,60,Steckdosen,12,17,71
The anniversary,8,10,80,Der Jahrestag,11,16,69
to call,8,8,100,anrufen,8,9,89
to send,7,8,88,schicken,11,18,61
the necklace,7,7,100,die kette,8,11,73
The earrings,7,9,78,die Ohrringe,11,15,73
champagne,7,7,100,sekt,7,9,78
guest,9,14,64,gast,7,7,100
all the time,7,9,78,die ganze zeit,7,10,70
a few,8,8,100,ein paar,8,8,100
wedding,7,8,88,hochzeit,9,12,75
the account,14,21,67,das konto,8,9,89
to open,7,10,70,offnen,8,12,67
a necklace,8,8,100,eine kette,8,11,73
birthplace,9,10,90,geburtsort,9,11,82
The embassy,18,35,51,die botschaft,7,8,88
The pineapple,7,8,88,Die ananas,7,7,100
healthier,7,7,100,gesünder,7,9,78
to agree,11,18,61,zustimmen,10,16,63
The Activities,8,8,100,die Aktivitäten,8,11,73
easier,7,7,100,einfacher,8,8,100
both,7,8,88,beide,7,8,88
to renew,23,46,50,verlängern,19,39,49
afterwards,7,9,78,nachher,8,11,73
excellent,7,10,70,spitze,8,10,80
a cold,7,7,100,eine  Erkältung,8,9,89
an excuse,7,9,78,eine Ausrede,7,8,88
over,8,8,100,vorbei,13,23,57
let me know,13,22,59,Sag Bescheid,11,16,69
to move,15,27,56,umziehen,9,12,75
to go out,7,7,100,ausgehen,7,9,78
the move,12,20,60,der Umzug,7,11,64
exhausting,7,9,78,anstrengend,11,19,58
glad,8,9,89,froh,12,20,60
peace,7,7,100,ruhe,8,10,80
the gift certificate,17,33,52,der Gutschein,11,18,61
to gift,8,11,73,schenken,17,29,59
lovely,9,15,60,herrlich,10,15,67
to try,8,10,80,probieren,7,9,78
whose,13,18,72,wessen,7,11,64
The Grapes,9,10,90,Die Trauben,9,11,82
the customers,15,26,58,die kunden,9,13,69
The Asparagus,8,10,80,Der Spargel,9,11,82
The baked goods,11,18,61,die Backwaren,8,9,89
beforehand,10,13,77,vorher,11,17,65
new year's eve,7,7,100,silvester,9,10,90
Christmas,8,8,100,Weihnachten,7,7,100
even,9,12,75,sogar,11,18,61
the fruit cake,11,15,73,der stollen,7,10,70
The Dentist,7,8,88,Der Zahnartz,7,7,100
strict,7,8,88,streng,8,11,73
to stand,8,9,89,stehen,8,10,80
the gloves,7,7,100,Die Handschuhe,8,9,89
for Christmas,7,7,100,zu weihnachten,7,7,100
since,7,8,88,seit,7,7,100
the mirror,7,7,100,der Spiegel,7,8,88
to place,8,10,80,stellen,13,25,52
the dresser,15,25,60,die  Kommode,7,7,100
the furniture store,7,8,88,das Möbelhaus,7,7,100
the drug store,14,20,70,der Drogeriemarkt,8,9,89
the corner,9,10,90,die ecke,7,9,78
the soap,7,9,78,die Seife,8,10,80
the basement,8,10,80,der keller,7,7,100
comfortable,9,15,60,gemütlich,10,18,56
other,8,8,100,andere,9,15,60
the pencil,12,22,55,der Bleistift,8,10,80
the floor,7,8,88,Der Boden,9,12,75
the magazines,7,9,78,die Zeitschriften,8,13,62
to lay,8,10,80,legen,7,8,88
mean,8,8,100,gemein,7,9,78
look out,8,10,80,pass auf,8,13,62
careful,7,9,78,vorsichtig,8,11,73
the scooter,7,9,78,der Motorroller,9,14,64
the stop sign,7,9,78,das Stoppschild,8,8,100
the beard,10,15,67,der bart,8,9,89
to come in,8,12,67,reinkommen,14,23,61
scared,7,8,88,angst,8,13,62
what happened,8,10,80,Was ist passiert,7,7,100
done,7,7,100,fix und fertig,7,7,100
have planned,13,18,72,haven vor,14,28,50
the plates,11,15,73,die teller,9,15,60
the field,14,23,61,der Wiese,7,8,88
the legs,11,12,92,die Beine,8,10,80
the onions,9,9,100,die Zwiebeln,8,13,62
to use,8,9,89,benutzen,7,10,70
the coat,8,8,100,der mantel,7,7,100
the beer mug,9,9,100,der bierkrug,8,8,100
the apron,7,8,88,die Schürze,8,12,67
the festival,10,10,100,das fest,8,9,89
to try on,8,8,100,anprobieren,8,10,80
the dressing rooms,7,7,100,Die Umkleidekabinen,7,10,70
the pants,8,10,80,die hose,7,7,100
to fit,14,20,70,passen,9,12,75
too tight,7,8,88,zu eng,7,10,70
it does not matter,7,9,78,egal,7,8,88
The mushroom,7,8,88,Der Pilz,7,10,70
fabulous,8,9,89,großartig,11,19,58
the tallest,7,7,100,am höchsten,9,13,69
the nature,7,7,100,die natur,7,7,100
the plane,16,32,50,das flugzeug,11,18,61
nobody,8,8,100,niemand,7,9,78
to demonstrate,15,28,54,zeigen,11,23,48
the alarm,7,9,78,der wecker,8,12,67
to get up,11,16,69,aufstehen,7,9,78
the news,12,20,60,die Nachrichten,9,14,64
brush my teeth,8,10,80,putze mir die Zähne,7,8,88
the company,7,8,88,die ferma,7,8,88
the cafeteria,10,14,71,der kantine,8,8,100
around,10,14,71,gegen,11,19,58
to turn off,7,7,100,ausmachen,14,24,58
to fall asleep,7,8,88,einschlafen,8,13,62
the farm,8,11,73,der Bauernhof,8,9,89
downstairs,7,9,78,unten,8,12,67
the lion,8,12,67,der Löwe,9,9,100
the rabbit,7,8,88,das Kaninchen,7,8,88
to laugh,8,9,89,Lachen,8,8,100
about,7,7,100,über,8,10,80
to tell,11,18,61,erzählen,8,13,62
daily,7,7,100,täglich,9,10,90
the sweets,11,15,73,die Süßigkeiten,7,7,100
sailing,8,10,80,segeln,11,18,61
the tent,8,11,73,das zelt,8,9,89
isn't it,10,12,83,nicht war,7,8,88
in a hurry,8,8,100,in Eile,8,10,80
waiting room,8,9,89,wartezimmer,7,7,100
what about,7,9,78,Worüber,8,13,62
what is new,7,8,88,was gibt's Neues,7,7,100
one and a half,7,7,100,eineinhalb,8,8,100
to break up,9,10,90,schluss machen,15,26,58
difficult,8,8,100,schwierig,8,9,89
snored,9,12,75,hat geschnarcht,7,8,88
washed the dishes,7,7,100,abgewaschen,13,24,54
strange,7,8,88,komisch,7,7,100
to snore,8,10,80,schnarchen,8,9,89
really,8,9,89,echt,8,8,100
mad,10,15,67,sauer,9,14,64
to lose (at something),9,10,90,verloren,9,14,64
last,7,10,70,zuletzt,7,8,88
upstairs,7,9,78,oben,9,12,75
the nap,10,11,91,das Nickerchen,8,9,89
under,9,9,100,unter,8,11,73
to give up,7,9,78,aufgeben,7,11,64
days,8,9,89,tagen,8,8,100
to get,8,8,100,bekommen,8,12,67
the birth year,7,7,100,das Geburtsjahr,7,8,88
to arrive,7,7,100,ankommen,7,10,70
the second,8,8,100,die sekunde,9,13,69
the headphones,8,9,89,die Kopfhörer,8,10,80
behind,8,8,100,hinter,8,10,80
the drawer,9,11,82,der Schublade,8,11,73
the wallet,8,9,89,Der Geldbeutel,7,8,88
everywhere,7,7,100,überall,8,13,62
well-known,11,11,100,bekannt,8,11,73
computer science,7,8,88,informatik,7,9,78
clear,8,8,100,klar,8,8,100
to answer,8,10,80,anworten,8,10,80
to listen,7,8,88,zuhören,7,9,78
the lecture,15,27,56,der Vorlesung,14,24,58
the bathtub,8,9,89,die Badewanne,8,11,73
the day after tomorrow,7,8,88,übermorgen,8,12,67
the cash,12,20,60,das bargeld,8,8,100
the seats,7,7,100,die Sitzplätze,14,25,56
to pay for,7,8,88,bezahlen,12,23,52
famous,9,11,82,berühmt,12,18,67
guy,7,7,100,typ,7,7,100
the stage,18,30,60,die Bühne,8,11,73
the day before yesterday,10,10,100,vorgestern,8,10,80
the apprenticeship,14,19,74,die Ausbildung,7,10,70
major,12,14,86,hauptfach,7,7,100
to lose (something),10,15,67,verlieren,10,16,63
to ride,16,26,62,Reiten,8,12,67
to practice,11,13,85,trainieren,8,8,100
to do math,7,7,100,rechnen,7,9,78
to spell,10,13,77,buchstabieren,8,12,67
to belong to,9,10,90,gehören,7,11,64
colored pencils,8,10,80,Farbstifte,7,8,88
the drawing,8,11,73,Die Zeichnung,10,17,59
to climb,7,8,88,klettern,8,9,89
the playground,10,14,71,Der Spielplatz,7,7,100
to take place,10,14,71,statt finden,12,20,60
to become,14,20,70,werden,8,11,73
writer,14,23,61,Schriftsteller,9,13,69
to build,7,7,100,bauen,9,14,64
awful,7,9,78,schrecklich,7,10,70
one day,8,8,100,eines tages,8,11,73
the landscape,13,19,68,Die Landschaft,8,12,67
the prize,10,13,77,Der Preis,7,8,88
what kind of,8,9,89,Was für,8,12,67
the people,7,7,100,der Menschen,8,11,73
the environment,8,11,73,die Umwelt,9,12,75
to earn,7,7,100,verdienen,11,15,73
the tie,10,11,91,die Krawatte,7,7,100
the briefcase,8,9,89,die Aktentasche,7,9,78
horrible,12,20,60,scheußlich,9,13,69
the notebook,9,12,75,das Notizbuch,8,8,100
the mug,7,7,100,der becher,7,9,78
huge,7,9,78,riesigen,7,9,78
the belt,8,10,80,der Gürtel,7,7,100
You did not know that,12,20,60,Hast du das nicht gewusst?,7,11,64
the bike ride,7,7,100,die Radtour,7,8,88
rained,7,7,100,geregnet,7,7,100
the thunderstorm,7,8,88,das Gewitter,7,8,88
piece of advice,9,11,82,Ratschlag,8,13,62
pale,7,7,100,blass,8,13,62
feel bad for,8,8,100,habe Mitleid mit,15,30,50
benefits,17,33,52,vorteile,8,12,67
walk,7,8,88,spaziergang,7,9,78
stiff,11,18,61,steif,7,8,88
the neck,7,10,70,der nacken,7,7,100
the story,7,9,78,die Geschichte,8,12,67
the helicopter,16,27,59,der Hubschrauber,7,8,88
the snake,7,7,100,die Schlange,8,11,73
sassy,7,9,78,frech,7,9,78
hard working,13,21,62,fleißig,10,15,67
when I was a kid,10,13,77,als ich ein kind war,7,7,100
cartoons,12,19,63,Zeichentrickfilme,8,8,100
not at all,11,19,58,gar nicht,7,8,88
liked,13,20,65,gemocht,9,14,64
members,7,9,78,Mitglieder,12,20,60
easy,15,27,56,leicht,7,9,78
geography,13,20,65,Erdkunde,7,9,78
hated,7,8,88,gehasst,11,16,69
subject,8,9,89,Fach,10,16,63
have traveled,7,7,100,bist ... gereist,7,11,64
have stayed,19,39,49,bist ... geblieben,12,20,60
countries,7,9,78,Länder,7,8,88
the monitor,13,19,68,der Bildschirm,7,7,100
regularly,8,9,89,regelmäßig,7,8,88
inside,7,7,100,drinnen,7,7,100
to tidy up,8,11,73,aufräumen,15,29,52
agreed,14,25,56,einverstanden,19,38,50
the furniture,10,15,67,die Möbel,8,10,80
unusual,12,20,60,ungewöhnlich,7,9,78
the stove,7,8,88,der herd,9,11,82
across from,10,14,71,gegenüber,8,10,80
square meters,7,9,78,Quadratmeter,8,11,73
especially,8,11,73,besonders,14,25,56
to go outside,7,10,70,hinausgehen,7,9,78
to chat,8,10,80,plaudern,8,10,80
nevertheless,8,11,73,trotzdem,11,18,61
the blanket,7,9,78,die decke,7,11,64
the knife,12,19,63,das messer,7,9,78
the fork,9,13,69,die gabel,8,9,89
to feed,12,19,63,fütteren,7,8,88
to look after,8,10,80,aufpassen,7,10,70
the flat tire,10,13,77,die Reifenpanne,8,9,89
the tire,8,11,73,der Reifen,8,9,89
to change,15,25,60,wechseln,10,14,71
to lend,8,9,89,leihen,7,10,70
the letter,8,13,62,der breif,7,7,100
the stamp,16,25,64,die briefmarke,7,7,100
the envelope,7,8,88,der briefumschlag,7,9,78
the package,8,9,89,das Paket,8,13,62
out of town,7,8,88,verreist,7,10,70
to accept,7,8,88,annehmen,9,15,60
out of town for business,7,8,88,geschäftlich verreist,9,14,64
the oil,7,8,88,das Öl,9,9,100
to fry,7,7,100,braten,8,9,89
the cans,8,9,89,die Dosen,9,14,64
secretary,7,8,88,Sekretär,7,10,70
to copy,11,17,65,kopieren,8,8,100
handyman,7,8,88,Handwerker,8,10,80
to repair,7,7,100,reparieren,8,10,80
to grade,7,7,100,korrigieren,7,10,70
to close,7,8,88,zumachen,12,20,60
to open up,7,7,100,aufmachen,12,20,60
to spend (time),19,38,50,verbringen,12,24,50
went out,7,9,78,sind...ausgegangen,8,10,80
rarely,12,20,60,selten,7,10,70
the bean,8,9,89,die Bohne,8,11,73
the salmon,7,8,88,der Lachs,9,13,69
free of charge,8,8,100,kostenlos,9,13,69
anything else for you,7,9,78,Sonst noch etwas für Sie,8,12,67
the zipcode,7,8,88,Die Postleitzahl,10,16,63
a quarter of an hour,7,7,100,eine Viertelstunde,8,12,67
the juice,8,10,80,der saft,7,7,100
change ($),7,9,78,kleingeld,12,22,55
the delivery person,7,10,70,Der Lieferant,8,12,67
the tip,7,9,78,das Trinkgeld,8,10,80
but rather,8,8,100,sondern,15,26,58
the garlic,7,9,78,der Knoblauch,7,9,78
vinegar,7,9,78,essig,9,9,100
outstanding,8,11,73,hervorragend,8,12,67
opened,9,14,64,aufgemacht,14,24,58
got up,7,8,88,aufgestanden,15,27,56
to offer,9,14,64,anbieten,12,20,60
to lie,7,8,88,lügen,8,11,73
degree,7,9,78,Abschluss,11,22,50
the ghost,8,10,80,das Gespenst,7,10,70
the monster,11,18,61,das Ungeheuer,8,9,89
the monkey,7,8,88,der affe,8,8,100
curious,13,21,62,neugierig,8,11,73
to shout,7,10,70,schreien,11,18,61
to wake up,8,10,80,wecken,12,20,60
to meet,7,9,78,kennenlernen,7,7,100
met,7,8,88,kennengelernt,7,8,88
the sunglasses,7,7,100,die Sonnenbrille,8,8,100
offers,10,14,71,bietet an,20,37,54
the sky,7,7,100,der himmel,7,7,100
how do you feel,10,15,67,Wie fühlst du dich,8,9,89
passed,13,20,65,bestanden,10,16,63
to pass,7,9,78,bestehen,10,20,50
depressed,10,14,71,deprimiert,8,9,89
to fight,12,20,60,streiten,7,10,70
the rain,7,7,100,der regen,8,8,100
report card,13,23,57,Zeugnis,7,10,70
the spider,8,9,89,die spinne,8,10,80
to cry,7,9,78,Weinen,7,7,100
traffic,7,7,100,stau,8,9,89
annoyed,17,28,61,geärgert,7,10,70
was excited,14,26,54,gefreut,16,32,50
back then,11,17,65,Damals,9,14,64
The building,7,9,78,das Gebäude,7,8,88
to unpack,7,9,78,auspacken,7,8,88
unpacked,11,16,69,ausgepackt,8,9,89
to share,7,10,70,teilen,7,9,78
the wall,14,23,61,die wand,8,8,100
the trash can,7,9,78,der Mülleimer,8,11,73
next to,8,8,100,neben,7,7,100
the map,7,9,78,die landkarte,7,7,100
the printer,7,8,88,der druker,7,9,78
the curtain,7,7,100,der vorhang,8,11,73
the fan,7,10,70,Der Ventilator,7,8,88
brought along,7,9,78,mitgebracht,7,8,88
the electric kettle,10,16,63,der Wasserkocher,7,9,78
the bedsheets,13,21,62,die Bettlaken,12,23,52
to fill out,7,8,88,ausfüllen,8,10,80
filled out,8,9,89,ausgefüllt,8,10,80
whose,7,9,78,wessen,8,10,80
the city map,7,10,70,Der stadtplan,7,7,100
the bridge,7,8,88,die Brücke,7,8,88
of the,7,8,88,vom,7,9,78
to cross,10,16,63,überqueren,9,14,64
gas,8,9,89,Benzin,7,8,88
the tank,8,10,80,der tank,7,8,88
the capital,12,19,63,die Hauptstadt,7,7,100
the hill,8,10,80,der Hügel,9,12,75
the crossing,11,16,69,Die Kreuzung,10,18,56
to drive around,7,9,78,um ... herumfahren,7,11,64
toured,7,10,70,besichtigt,17,33,52
in fact,10,15,67,tatsächlich,15,27,56
to stand in line,7,8,88,Schlange stehen,9,11,82
ever,9,11,82,jemals,10,20,50
visited,8,12,67,besichtigt,8,11,73
sex,7,10,70,geschlecht,8,10,80
exciting,12,19,63,spannend,13,20,65
summary,12,17,71,Zusammenfassung,7,9,78
Miles,7,8,88,Meilen,7,8,88
to knit,11,18,61,stricken,9,11,82
somewhere,7,9,78,irgendwo,7,10,70
snowed,7,8,88,geschneit,8,9,89
the winter boots,13,24,54,die Winterstiefel,7,10,70
flat,7,7,100,flach,10,15,67
freezing,7,8,88,eiskalt,7,9,78
weekly,7,8,88,wöchentlich,8,8,100
pleasant,10,16,63,angenehm,8,10,80
of,7,7,100,von,11,17,65
to die,7,10,70,sterben,8,12,67
wrong,7,8,88,falsch,7,8,88
the test,13,26,50,die Klassenarbeit,10,15,67
the sentence,7,8,88,der satz,8,12,67
the mistake,11,17,65,Der Fehler,9,15,60
to prepare for,9,12,75,vorbereiten,17,35,49
the vocabulary,7,8,88,die Vokabeln,7,7,100
argues,11,16,69,streitet sich,10,16,63
are allowed to,8,8,100,darf,12,23,52
to interrupt,10,15,67,stören,15,31,48
the class,19,37,51,Der Unterricht,10,14,71
the square,7,10,70,das viereck,7,9,78
the ruler,7,8,88,das lineal,8,8,100
took,7,10,70,habe .. genommen,8,10,80
the calculator,12,20,60,der Taschenrechner,8,11,73
the eraser,15,26,58,der Radiergummi,7,9,78
to cut class,13,22,59,schwänzen,9,13,69
to get married,11,16,69,heiraten,9,15,60
to sell,11,15,73,verkaufen,8,9,89
the folders,9,14,64,die Ordner,11,18,61
experience,15,31,48,Erfahrung,14,27,52
foreign languages,7,9,78,Fremdsprachen,8,12,67
necessary,17,30,57,notwendig,12,23,52
employees,12,22,55,Mitarbeiter,9,13,69
the lunchtime,8,10,80,die Mittagszeit,7,10,70
the sheep,7,7,100,das schaf,7,8,88
useful,8,8,100,nützlich,13,22,59
at least,7,9,78,wenigstens,9,14,64
to curse,7,10,70,schimpfen,7,9,78
The parrots,7,8,88,Die Papageien,8,12,67
the heater,15,26,58,die Heizung,8,11,73
the keyboard,7,7,100,Die Tastatur,7,9,78
angry,14,25,56,wütend,8,13,62
Fell down,16,28,57,runtergefallen,8,11,73
the flu,7,7,100,die Grippe,7,10,70
the accident,7,9,78,der unfall,7,9,78
singer (female),7,9,78,Sängerin,9,15,60
grew up,17,32,53,sind ... aufgewachsen,12,20,60
shown,14,28,50,haben ... gezeigt,9,16,56
the trash,7,8,88,der Müll,7,7,100
the laundry,7,10,70,Die Wäsche,9,14,64
the roof,7,9,78,das Dach,7,10,70
the poor,12,18,67,die Armen,8,11,73
the lawn,10,14,71,Der Rasen,10,14,71
to mow,7,8,88,mähen,9,12,75
The feeling of being alone in the woods,11,16,69,Waldeinsamkeit,9,13,69
invited,8,10,80,haben ...  eingeladen,7,9,78
the discount,8,10,80,die Ermäßigung,8,9,89
except for,9,12,75,Außer,10,19,53
most,7,9,78,meisten,10,20,50
inhabitants,7,9,78,einwohnen,10,16,63
Did you know,12,19,63,wusstest du,7,10,70
most beautiful,7,9,78,schönsten,8,12,67
ship,7,9,78,Schiff,8,11,73
to call back,7,9,78,zurückrufen,7,8,88
to hurry up,9,14,64,beeilen,10,21,48
do they remember,9,12,75,Erinnern sie sich,10,19,53
called back,11,17,65,haben ..  zurückgerufen,8,13,62
occupied,10,14,71,besetzt,9,15,60
to miss,15,28,54,verpassen,11,21,52
started,16,26,62,angefangen,7,11,64
the beginning,15,23,65,der anfang,9,14,64
the row,7,7,100,Die reihe,8,9,89
The Sequel,11,18,61,Die Fortsetzung,8,11,73
the plot,15,27,56,Die Handlung,9,13,69
nonsense,8,9,89,Quatsch,11,17,65
environmental protection,7,7,100,Umweltschutz,9,11,82
The poems,7,8,88,Die Gedichte,7,9,78
to fall in love,7,10,70,verlieben,8,11,73
the idea,7,8,88,die Idee,8,8,100
to suggest,12,17,71,vorschlagen,8,13,62
for example,11,16,69,zum Beispiel,7,8,88
the face,7,10,70,das Gesicht,7,8,88
the toothbrush,8,8,100,die Zahnbürste,8,10,80
the hairbrush,8,9,89,die Haarbürste,8,9,89
brushed,8,10,80,haben ... geputzt,10,18,56
to shave,12,18,67,rasieren,8,10,80
thin,7,8,88,dünn,8,9,89
The raincoat,7,7,100,Der Regenmantel,8,10,80
to put on,8,12,67,anziehen,10,20,50
felt,8,9,89,hast ... gefühlt,8,9,89
afterwards,11,16,69,danach,11,17,65
was there,7,10,70,gab es,8,13,62
to lie down,14,23,61,sich hinlegen,8,11,73
unbearable,8,11,73,unerträglich,8,11,73
sat,10,14,71,haben ... gesessen,8,12,67
the heat,7,7,100,die hitze,7,7,100
the wind,8,10,80,der wind,8,8,100
because of,7,10,70,wegen,15,26,58
to jump,7,7,100,springen,8,8,100
the wood,7,9,78,das holz,10,13,77
the kite,12,17,71,der drachen,9,15,60
the instructions,21,36,58,die Anweisungen,8,13,62
colorful,10,14,71,bunte,9,13,69
the throat,7,9,78,der hals,9,10,90
the cabbage,8,11,73,der kohl,7,7,100
to dry,7,8,88,abtrocknen,8,12,67
the sink,8,13,62,das Spülbecken,8,8,100
to break,14,27,52,zerbrechen,7,9,78
to vacuum,7,9,78,Staubsaugen,9,11,82
broke,10,15,67,habe ... zerbrochen,8,9,89
the spoon,7,8,88,der Löffel,8,10,80
between,8,9,89,zwischen,8,9,89
to comb,8,9,89,kämmen,8,12,67
moist,10,14,71,feucht,10,15,67
dry,8,10,80,trocken,11,16,69
the mouth,7,8,88,der Mund,9,14,64
to throw,12,17,71,werfen,7,9,78
the hat,7,10,70,Die Mütze,9,14,64
the bracelet,8,12,67,das armband,7,8,88
to go with (match),7,10,70,zupassen,14,30,47
to spend,7,9,78,ausgeben,12,23,52
The underwear,8,8,100,die Unterwäsche,8,11,73
The Jewelry,7,7,100,der schmuck,11,15,73
to give away,16,27,59,Verschenken,13,23,57
moved in,15,30,50,sind ... eingezogen,12,20,60
rest,11,17,65,Erholung,7,11,64
to set,14,24,58,decken,8,12,67
mech e,8,8,100,Maschinenbau,7,8,88
crazy,8,9,89,verrückt,9,9,100
likable,7,9,78,sympathisch,16,31,52
fashion,7,7,100,mode,8,11,73
the fur,7,7,100,das fell,7,11,64
the animal shelter,7,9,78,der Tierheim,7,10,70
to get along,7,10,70,sich verstehen,13,27,48
just as,7,9,78,genauso,7,7,100
fat,7,7,100,dick,8,11,73
cuddly,15,23,65,kuschelig,7,9,78
talented,12,20,60,begabt,22,40,55
to get worked up,10,17,59,sich aufregen,7,9,78
patient,18,30,60,geduldig,8,12,67
shy,7,9,78,schüchtern,14,24,58
electronics stores,8,8,100,Elektroläden,11,22,50
round,7,8,88,runden,7,9,78
the travel adapter,7,9,78,der Reiseadapter,8,9,89
to explain,7,9,78,erklären,8,11,73
lower (prices),7,10,70,niedriger,16,27,59
damaged,16,27,59,beschädigt,10,14,71
stupid/silly,7,9,78,blöd,8,13,62
to return,15,26,58,zurückkehren,8,12,67
to complain,11,16,69,sich beschweren,7,10,70
how about,7,10,70,Wie wäre es mit,10,18,56
to exchange,14,25,56,Umtauschen,7,11,64
to describe,7,10,70,beschreiben,8,11,73
to get back,7,10,70,zurückbekommen,13,25,52
I am not sure,7,11,64,Ich bin mir nicht sicher,8,8,100
mountain climbing,10,15,67,Bergsteigen,8,10,80
skydiving,7,7,100,Fallschirmspringen,7,9,78
risky,7,7,100,riskant,7,8,88
in my opinion,7,7,100,Meiner Meinung nach,8,11,73
kind of ice cream,7,9,78,Eissorte,9,13,69
whipped cream,7,7,100,Schlagsahne,8,8,100
fried,12,20,60,gebraten,7,8,88
to consume,10,16,63,verbrauchen,15,30,50
to protect,9,14,64,beschützen,15,30,50
forests,7,9,78,Wälder,11,22,50
on the topic of,7,8,88,zum Thema,9,14,64
conversations,7,10,70,Gespräche,13,23,57
the topics,10,13,77,die Themen,7,9,78
the topic,7,9,78,das thema,7,8,88
stubborn,8,8,100,stur,8,12,67
The Mud,10,15,67,Der matsch,7,7,100
to take along,7,9,78,mitnehmen,10,15,67
to your house,7,7,100,zu dir nach Hause,8,9,89
to your house (plural),10,14,71,zu dir euch Hause,8,13,62
the braces,7,9,78,die zahnspange,8,9,89
to introduce,10,19,53,vorstellen,13,27,48
the noise,11,19,58,die Geräusche,7,10,70
the cage,10,16,63,der Käfig,8,12,67
to feed,7,7,100,füttern,8,9,89
the twins,10,15,67,die Zwillinge,7,8,88
generous,13,22,59,großzügig,9,12,75
to steal,7,10,70,stehlen,8,10,80
introduced,15,30,50,haben vorgestellt,9,13,69
thirsty,7,7,100,durstig,9,12,75
to charge,7,10,70,aufladen,8,12,67
salesperson (male),7,9,78,Verkäufer,17,30,57
the island,7,8,88,die insel,7,8,88
the islands,8,8,100,die inseln,7,8,88
in favor of us,11,15,73,"dafür, dass wir",12,19,63
the guidebook,7,9,78,der Reiseführer,9,16,56
sense,7,8,88,sinn,7,10,70
the swim trunks,7,7,100,Die Badehose,9,15,60
The sunburn,10,16,63,der Sonnenbrand,8,9,89
against it,13,24,54,dagegen,10,14,71
it would be,7,10,70,Es wäre,8,13,62
attractions,11,16,69,Sehenswürdigkeiten,8,8,100
century,7,7,100,Jahrhundert,8,10,80
the city tour,14,25,56,Die Stadtführung,7,10,70
the hostel,10,16,63,die jugendherberge,8,15,53
the swimming pool,7,10,70,das Schwimmbecken,7,8,88
similar,7,9,78,ähnlich,10,15,67
the carnival parade,7,8,88,der Karnevalsumzug,8,10,80
to dress up,10,16,63,verkleiden sich,9,14,64
the city hall,8,12,67,das Rathaus,8,9,89
the competition,7,10,70,der Wettbewerb,11,19,58
to participate,8,13,62,teilnehmen,18,34,53
the classmates,8,10,80,die Mitschüler,11,17,65
funny,10,16,63,witziger,9,14,64
to guess,7,9,78,raten,8,13,62
evil,7,8,88,böse,7,10,70
pajamas,7,8,88,Schlafanzug,8,10,80
curly hair,7,7,100,Lockige haare,8,8,100
the masks,8,8,100,die masken,8,8,100
great,7,10,70,klasse,8,10,80
dressed up,8,12,67,haben ... verkleidet,7,10,70
it does not make any sense,8,8,100,es macht keinen Sinn,12,22,55
does it make sense,7,9,78,macht es sinn,8,12,67
dizzy,15,25,60,schwindelig,8,9,89
weak,7,9,78,schwach,7,8,88
to throw up,9,13,69,übergeben,8,10,80
absolutely,8,12,67,unbedingt,13,22,59
throws up,7,10,70,übergibt sich,7,11,64
your age,8,11,73,Ihr alter,7,8,88
insured,7,9,78,versichert,7,10,70
The doctor's office,7,10,70,Die Praxis,7,9,78
dizzy,7,9,78,schwindelig,8,9,89
are you in pain,7,7,100,haben sie schmerzen,8,10,80
to rest,7,8,88,Erholen,10,14,71
nothing at all,8,12,67,überhaupt nicht,7,10,70
to come back,7,8,88,zurückkommen,7,10,70
contest,7,9,78,Wettbewerb,7,11,64
some,7,8,88,manche,8,9,89
I am worried,13,23,57,ich mache mir sorgen,10,16,63
to turn,7,9,78,abbiegen,8,11,73
to decide,10,18,56,sich entscheiden,10,14,71
decided,10,18,56,haben sich... entschieden,8,11,73
the cruise,7,9,78,die kreuzfahrt,7,9,78
in order to,7,7,100,um zu,7,7,100
Venice,7,8,88,Venedig,8,9,89
to book,7,8,88,buchen,8,10,80
on the website,7,10,70,auf der website,8,8,100
the wifi,7,7,100,das WLAN,8,9,89
in the area,7,8,88,in der gegen,8,13,62
the reviews,11,16,69,die Bewertungen,9,12,75
the air conditioner,7,9,78,die Klimaanlage,8,13,62
to find out,7,9,78,herausfinden,12,18,67
I have never been,14,26,54,Es ging mir nie,9,15,60
the scissors,8,10,80,die Schere,8,10,80
the ceiling,7,7,100,die Decke,8,10,80
celebrated,7,7,100,haben ... gefeiert,8,8,100
that is not true,7,8,88,das stimmt nicht,9,12,75
tidied up,7,10,70,haben ... aufgeräumt,8,10,80
no way,7,8,88,doch,8,10,80
I am walking the dog,11,18,61,ich gehe mit dem hund gassi,7,8,88
jonathan,7,7,100,morgenmuffel,7,7,100
never before,8,10,80,noch nie,8,11,73
not even,10,15,67,nicht einmal,7,11,64
besides,7,7,100,Außerdem,8,12,67
each other,7,9,78,einander,8,12,67
got better,8,11,73,haben sich ... verbessert,8,12,67
the oven,7,7,100,der Ofen,8,8,100
just,7,10,70,gerade,7,9,78
paid,7,9,78,haben ... bezahlt,7,8,88
the dishwasher,8,11,73,die Spülmaschine,8,11,73
still,8,9,89,immer noch,8,10,80
the hole,9,15,60,das Loch,7,8,88
squeaks,7,7,100,quietscht,8,12,67
the ant,7,8,88,die Ameise,8,12,67
the spider,7,7,100,die Spinne,7,7,100
the mattress,7,9,78,die Matratze,8,10,80
the cabinet,7,7,100,der Schrank,8,12,67
The walls,7,7,100,Die Wände,8,8,100
the pigeon,10,15,67,die Taube,9,16,56
the balcony door,7,7,100,die Balkontür,7,7,100
to shut,7,9,78,schließen,8,12,67
especially,10,18,56,vor allem,14,25,56
square,7,8,88,viereckig,7,7,100
Footbridge,8,8,100,Steg,8,13,62
along,7,9,78,entlang,8,10,80
impressive,10,16,63,beeindruckend,8,11,73
the shade,10,14,71,der Schatten,7,10,70
The Summit,7,8,88,der Gipfel,9,13,69
The team,11,16,69,Die Mannschaft,9,9,100
Poet,8,13,62,Dichter,8,10,80
The housewarming party,7,10,70,die Einweihungsparty,7,9,78
scientist (female),7,10,70,Wissenschaftlerin,7,9,78
ice skates,7,8,88,schlittschuhe,7,9,78
cute,7,8,88,süßes,8,9,89
to get away,7,10,70,verreisen,8,12,67
the feathers,7,7,100,die Federn,7,8,88
The goat,9,14,64,die Ziege,8,11,73
The skin,7,9,78,die Haut,8,11,73
The pigglet,8,14,57,das Ferkel,8,10,80
The Hen,7,9,78,Das Huhn,7,7,100
to recommend,9,17,53,empfehlen,12,24,50
anyway,7,9,78,sowieso,9,9,100
the checking account,11,17,65,das Girokonto,8,8,100
to arrive,8,8,100,ankommen,7,9,78
to register,8,9,89,sich ... anmelden,12,22,55
with you,7,7,100,dabei,8,12,67
to turn in,9,10,90,abgeben,7,11,64
the toll,11,16,69,die Gebühr,9,13,69
the signature,8,10,80,die Unterschrift,8,9,89
the account number,10,14,71,die Kontonummer,8,8,100
the pin number,10,16,63,die Geheimzahl,10,14,71
to cash,9,11,82,einlösen,7,10,70
the check,10,14,71,der scheck,8,9,89
The Hours of Operation,8,9,89,die Öffnungszeiten,7,9,78
to deposit,7,8,88,einzahlen,7,9,78
to withdraw,14,23,61,abheben,9,15,60
missing/absent,8,9,89,fehlen,7,8,88
The directions,7,10,70,die Wegbeschreibung,8,10,80
The star,7,8,88,der stern,8,12,67
to follow,8,10,80,zu folgen,9,13,69
at least,7,10,70,mindestens,7,8,88
the goal,7,8,88,das Ziel,8,9,89
it is my goal,7,7,100,mein ziel ist es,7,10,70
fascinating,7,8,88,faszinierend,7,8,88
for what,9,13,69,Wofür,8,13,62
years ago,7,10,70,vor ... jahren,7,10,70
on what,8,11,73,Woran,15,30,50
about what,7,11,64,wovon,11,20,55
is about,11,21,52,handelt ... von,10,20,50
to apply,7,10,70,sich ... bewerben,7,11,64
Applied,10,18,56,haben sich beworben,8,13,62
to turn on,7,9,78,anmachen,7,8,88
the teenagers,9,11,82,Die Jugendlichen,8,12,67
tons of,7,8,88,tonnen von,8,8,100
the valley,7,9,78,das Tal,8,11,73
on the way,8,9,89,Unterwegs,7,8,88
gorgeous,7,10,70,prächtig,8,13,62
to decorate,7,9,78,schmücken,7,9,78
refreshing,10,16,63,erfrischend,8,9,89
to cool,7,9,78,kühlen,8,8,100
to cool down,7,9,78,abkühlen,7,8,88
all around,7,8,88,rundum,8,12,67
offered,9,18,50,haben ... angeboten,8,13,62
nearly,7,10,70,nahezu,7,9,78
numerous,7,13,54,zahlreich,13,22,59
the facility,13,26,50,die einrichtung,7,10,70
The kitchen things,7,7,100,Die Küchensachen,8,11,73
The Ad,7,8,88,Die Anzeige,7,10,70
The bowl,7,7,100,Die Schüssel,7,9,78
The shopping list,16,32,50,Der Einkaufszettel,7,8,88
stainless steel,10,16,63,Edelstahl,9,13,69
cereal,8,10,80,Frühstücksflocken,7,7,100
The Lady,7,7,100,Die Dame,7,8,88
the dishes,8,8,100,das Geschirr,9,13,69
the difference,7,10,70,der Unterschied,7,10,70
The bath towel,8,13,62,Das Badetuch,7,7,100
the cotton,8,8,100,die Baumwolle,8,9,89
wide,7,9,78,breit,7,9,78
therefore,7,8,88,darum,7,9,78
to include,7,8,88,enthalten,8,18,44
the sales tax,7,8,88,die Mehrwertsteuer,7,9,78
to decline,7,8,88,ablehnen,9,15,60
to put on makeup,7,9,78,sich schminken,7,11,64
the cutlery,7,8,88,das besteck,7,10,70
recently,8,8,100,kürzlich,8,12,67
future,10,19,53,zukünftiger,9,15,60
east,8,10,80,osten,7,7,100
The public,7,8,88,Die öffentlichen,8,12,67
transit,8,11,73,Verkehrsmittel,9,19,47
to get out,7,7,100,aussteigen,8,9,89
along,7,7,100,entlang,7,8,88
got out,7,9,78,bist ... ausgestiegen,7,9,78
TRUE,7,7,100,waht,8,10,80
fine,7,8,88,geldstrafe,8,10,80
to validate,8,11,73,Entwerten,13,23,57
diced,7,9,78,gewürfelt,8,9,89
to announce,7,7,100,ansagen,8,13,62
to experience,7,10,70,erleben,7,9,78
the event,8,17,47,Die Veranstaltung,12,24,50
to illuminate,7,10,70,beleuchten,7,11,64
various,8,13,62,verschiedene,7,10,70
spot on,8,12,67,goldrichtig,8,11,73
specialty stores,7,9,78,fachgeschäfte,9,16,56
I am lost,7,9,78,Ich habe mich verlaufen,8,11,73
keep the change,7,7,100,stimmt so,7,9,78
Through This,8,13,62,dadurch,7,9,78
the deposit,8,16,50,die anzahlung,8,13,62
to hide,7,10,70,ausblenden,8,12,67
The flat rate,9,14,64,die Pauschale,8,11,73
The remarks,7,14,50,die Anmerkungen,13,24,54
unexpected,8,15,53,unerwartet,7,10,70
to receive,9,17,53,erhalten,8,12,67
I declare that I agree,7,9,78,Ich erkläre mich einverstanden,7,11,64
in-laws,7,7,100,Schwiegereltern,7,7,100
mother in-law,7,7,100,Schwiegermutter,7,7,100
father in-law,7,8,88,Schwiegervater,7,7,100
they are visiting,7,9,78,sie sind zu besuch,8,9,89
what does that mean,7,11,64,was heißt das,7,9,78
once a year,7,8,88,einmal im jahr,7,7,100
the kitchen scale,7,9,78,Die Küchenwaage,7,9,78
to knead,7,8,88,kneten,7,10,70
to mix,7,9,78,vermischen,8,10,80
the filling,7,7,100,die Füllung,8,9,89
to cut,7,7,100,schneiden,7,9,78
this one,7,8,88,der hier,7,12,58
the cutting board,7,7,100,das schneidebrett,8,9,89
The ball,7,9,78,Die Kugel,7,8,88
fell,8,14,57,sind gefallen,8,9,89
the frog,7,7,100,der frosch,7,7,100
to promise,7,7,100,Versprechen,8,10,80
jumped,7,10,70,sind gesprungen,7,7,100
disgusting,7,7,100,ekelhaft,8,12,67
followed,7,9,78,sind gefolgt,8,10,80
threw,7,12,58,haben geworfen,8,11,73
against,7,7,100,gegen,8,14,57
turned (into),8,14,57,verwandelt,8,11,73
one of each,9,14,64,einer von jedem,7,7,100
what happened,7,9,78,Was ist geschehen,7,8,88
left,7,9,78,haben ... gelassen,7,9,78
possible,7,7,100,möglich,7,8,88
a moment,7,8,88,einen augenblick,7,10,70
adventure,7,7,100,abenteuer,7,9,78
relieved,7,9,78,erleichtert,7,10,70
I am in a hurry,9,14,64,ich habe es eilig,7,8,88
while,7,9,78,während,8,14,57
the airline,10,20,50,die Fluggesellschaft,7,7,100
dial,7,8,88,wählen,8,15,53
the message,8,13,62,die Nachricht,7,9,78
to leave behind,7,9,78,hinterlassen,7,9,78
on the line,7,10,70,dran,7,9,78
to answer,7,8,88,melden,9,16,56
to write down,8,13,62,notieren,7,7,100
the connection,10,19,53,die Verbindung,8,11,73
to reach,7,10,70,erreichen,7,10,70
what ... for,7,10,70,wonach,8,16,50
the attachment,9,18,50,der anhang,8,11,73
to submit,7,10,70,einreichen,7,11,64
Strengths,8,12,67,Stärken,7,10,70
the job interview,8,12,67,das Vorstellungsgespräch,7,9,78
to enter,7,10,70,betreten,7,7,100
on your own risk,7,10,70,auf eigene gefahr,8,12,67
to comply with,7,10,70,einhalten,8,13,62
to trust,7,8,88,trauen,7,8,88
her,7,7,100,ihr,3,2,150
him,7,7,100,ihn,8,9,89
to him/it,7,8,88,ihm,7,9,78
to us,7,7,100,uns,7,7,100
to you (plural),7,7,100,euch,7,10,70
to them,7,9,78,ihnen,7,7,100
to me,7,7,100,mir,7,7,100
to you,7,7,100,dir,7,7,100
to suffer,7,9,78,Leiden,7,8,88
are allowed to,7,10,70,dürfen,7,10,70
to quit,7,10,70,kündigen,8,12,67
to fire (someone),7,10,70,entlassen,7,10,70
successful,9,13,69,erfolgreich,7,14,50
excavator,7,9,78,bagger,7,7,100
Passionfruit,7,9,78,maracuja,7,12,58
testicle goblin,7,12,58,hodenkobold,8,8,100
,,,,Kräuterhexe,,,
to download,7,10,70,herunterladen,7,8,88
total amount,7,10,70,Gesamtbetrag,7,7,100
amount/sum,7,9,78,betrag,7,9,78
crashed,7,10,70,ist ... abgestürzt,8,10,80
to attempt,7,10,70,versuchen,9,15,60
the bandage,7,8,88,Das Pflaster,7,12,58
to bleed,7,7,100,bluten,7,8,88
to injure,7,10,70,sich ... verletzen,7,8,88
the toe,7,8,88,Der Zeh,7,7,100
The emergency room,7,8,88,die Notaufnahme,7,8,88
can you do it,7,9,78,schaffst du das,7,8,88
to take off (clothes),7,9,78,sich ... ausziehen,7,10,70
to remove,7,10,70,abnehmen,7,10,70
favorite dish,7,7,100,Lieblingsgericht,7,8,88
to check,8,14,57,nachsehen,7,9,78
The wedding ring,7,10,70,der Ehering,7,7,100
the traffic light,7,11,64,die ampel,7,7,100
complained,7,7,100,sich ... bewschwert,7,7,100
dissapointed,7,9,78,enttäuscht,7,8,88
to translate,7,8,88,übersetzen,7,11,64
the spelling,7,10,70,die rechtschreibung,7,8,88
to pronounce,7,7,100,aussprechen,7,8,88
the performance,7,9,78,Die Leistung,7,10,70
awake,7,7,100,wach,7,8,88
to compare,7,8,88,vergleichen,7,9,78
the schedule,7,9,78,der Stundenplan,7,7,100
the announcement,7,8,88,die ansage,7,9,78
the passengers,7,7,100,die passagiere,8,9,89
to cover,7,7,100,zudecken,7,8,88
rare,7,7,100,selten,7,8,88
works out,7,7,100,klappt,7,9,78
the eagle,7,7,100,der Adler,7,8,88
the diversity,7,10,70,die Vielfalt,7,8,88
the lighthouse,7,9,78,der Leuchtturm,7,11,64
The fact,5,8,63,Die Tatsache,7,8,88
the novel,5,6,83,der roman,7,7,100
the nightmare,7,9,78,der Alptraum,7,8,88
they still have,5,10,50,es noch gibt,7,12,58
sharp (taste),5,6,83,würzigen,7,10,70
low-fat,6,8,75,fettarme,7,8,88
salted,6,8,75,gesalzene,7,8,88
not anywhere,5,7,71,nirgends,7,9,78
The exercise bike,5,8,63,der heimtrainer,7,10,70
to weigh,5,6,83,wiegen,7,11,64
valuable,5,7,71,wertvoll,7,10,70
to lift,5,7,71,heben,7,11,64
to keep,5,7,71,behalten,8,14,57
we did it,5,7,71,Wir haben es geschafft,8,13,62
to relax,5,8,63,sich ausruhen,7,10,70
it is worth it for you,6,7,86,es lohnt sich für Sie,9,16,56
the selection,6,8,75,die Auswahl,7,11,64
to take care of,5,5,100,sich kümmern um,7,9,78
to lose weight,5,5,100,abnehmen,7,10,70
to bark,6,6,100,bellen,7,8,88
look out for,6,8,75,achtet auf,7,8,88
behaved,5,5,100,verhalten,7,11,64
by the way,6,7,86,Übrigens,7,8,88
to save (money),5,5,100,sparen,7,9,78
on time,5,5,100,rechtzeitig,7,9,78
to make an effort,6,7,86,bemühen sich,8,14,57
polite,5,5,100,höflich,7,8,88
to posses,6,8,75,besitzen,9,16,56
either,6,6,100,entweder,7,10,70
compensation,5,6,83,entschädigung,9,17,53
to spend the night,6,6,100,ubernachten,7,11,64
to transfer,5,6,83,umsteigen,8,14,57
what bad luck,6,6,100,so ein pech,7,9,78
to show,3,4,75,zeigen,7,11,64
to look,2,2,100,schauen,7,8,88
look!,2,2,100,schau!,7,11,64
even though,3,4,75,obwohl,7,9,78
The Relationship,3,4,75,Das Verhältnis,8,12,67
brother-in-law,3,3,100,Schwager,7,7,100
sister-in-law,2,2,100,Schwägerin,7,7,100
fluent,2,2,100,fließend,7,8,88
arrival,2,2,100,ankunft,7,9,78
made of,,,,ausbestehen,7,11,64
instead,,,,stattdessen,7,13,54
the slice,1,2,50,die Scheibe,7,9,78
to enjoy,,,,genießen,7,7,100
the debts,,,,die schulden,7,9,78
my own,1,1,100,meine eigena,7,9,78
dependent,1,1,100,abhängig,7,8,88
constantly,,,,ständig,5,5,100
to solve,,,,lösen,5,7,71
due,,,,fällig,5,6,83
to record,,,,aufnehmen,5,6,83
to research,,,,recherchieren,5,8,63
therefore,,,,deswegen,5,5,100